venueId,venueName,venueURL,cityId,cityName,cityURL,state,countryId,countryName,location,venueTypes,capacity,rb,bo,th
276415,Albert Halls,http://data.pollstar.com/venue/albert-halls-276415,65549,Bolton,http://data.pollstar.com/city/bolton-65549,,104,United Kingdom,"Bolton, United Kingdom",['Auditorium / Theatre'],673,False,True,True
269345,Band On The Wall,http://data.pollstar.com/venue/band-on-the-wall-269345,63945,Manchester,http://data.pollstar.com/city/manchester-63945,,104,United Kingdom,"Manchester, United Kingdom",['Club'],240,True,True,True
270289,The Bridgewater Hall,http://data.pollstar.com/venue/the-bridgewater-hall-270289,63945,Manchester,http://data.pollstar.com/city/manchester-63945,,104,United Kingdom,"Manchester, United Kingdom",['Auditorium / Theatre'],2300,True,True,True
269891,Buxton Opera House,http://data.pollstar.com/venue/buxton-opera-house-269891,65711,Buxton,http://data.pollstar.com/city/buxton-65711,,104,United Kingdom,"Buxton, United Kingdom",['Auditorium / Theatre'],901,True,True,True
273560,Etihad Stadium,http://data.pollstar.com/venue/etihad-stadium-273560,63945,Manchester,http://data.pollstar.com/city/manchester-63945,,104,United Kingdom,"Manchester, United Kingdom",['Stadium'],55000,False,True,True
279115,Hard Rock Cafe,http://data.pollstar.com/venue/hard-rock-cafe-279115,63945,Manchester,http://data.pollstar.com/city/manchester-63945,,104,United Kingdom,"Manchester, United Kingdom",['Club'],450,False,False,True
278740,Hop & Grape,http://data.pollstar.com/venue/hop-grape-278740,63945,Manchester,http://data.pollstar.com/city/manchester-63945,,104,United Kingdom,"Manchester, United Kingdom",['Club'],0,False,False,True
277870,John Smith's Stadium,http://data.pollstar.com/venue/john-smiths-stadium-277870,66961,Huddersfield,http://data.pollstar.com/city/huddersfield-66961,,104,United Kingdom,"Huddersfield, United Kingdom",['Stadium'],37500,True,True,True
274911,King George's Hall,http://data.pollstar.com/venue/king-georges-hall-274911,65506,Blackburn,http://data.pollstar.com/city/blackburn-65506,,104,United Kingdom,"Blackburn, United Kingdom",['Auditorium / Theatre'],2249,True,True,True
276918,Late Room,http://data.pollstar.com/venue/late-room-276918,63945,Manchester,http://data.pollstar.com/city/manchester-63945,,104,United Kingdom,"Manchester, United Kingdom",['Club'],950,False,False,True
271870,The Lowry,http://data.pollstar.com/venue/the-lowry-271870,63945,Manchester,http://data.pollstar.com/city/manchester-63945,,104,United Kingdom,"Manchester, United Kingdom","['Club', ' Auditorium / Theatre']",0,False,True,True
268486,Manchester Academy,http://data.pollstar.com/venue/manchester-academy-268486,63945,Manchester,http://data.pollstar.com/city/manchester-63945,,104,United Kingdom,"Manchester, United Kingdom",['Club'],2300,True,True,True
269996,Manchester Arena,http://data.pollstar.com/venue/manchester-arena-269996,63945,Manchester,http://data.pollstar.com/city/manchester-63945,,104,United Kingdom,"Manchester, United Kingdom",['Arena'],21000,True,True,True
269625,Manchester Central Conv. Complex,http://data.pollstar.com/venue/manchester-central-conv-complex-269625,63945,Manchester,http://data.pollstar.com/city/manchester-63945,,104,United Kingdom,"Manchester, United Kingdom",['Arena'],10400,False,False,True
269195,MDH,http://data.pollstar.com/venue/mdh-269195,63945,Manchester,http://data.pollstar.com/city/manchester-63945,,104,United Kingdom,"Manchester, United Kingdom",['Club'],0,False,False,True
269352,Night & Day,http://data.pollstar.com/venue/night-day-269352,63945,Manchester,http://data.pollstar.com/city/manchester-63945,,104,United Kingdom,"Manchester, United Kingdom",['Club'],250,True,True,True
109127314,Night People,http://data.pollstar.com/venue/night-people-109127314,63945,Manchester,http://data.pollstar.com/city/manchester-63945,,104,United Kingdom,"Manchester, United Kingdom",['Club'],450,True,True,True
271995,O2 Apollo Manchester,http://data.pollstar.com/venue/o2-apollo-manchester-271995,63945,Manchester,http://data.pollstar.com/city/manchester-63945,,104,United Kingdom,"Manchester, United Kingdom",['Auditorium / Theatre'],3500,True,True,True
271087,Opera House Manchester,http://data.pollstar.com/venue/opera-house-manchester-271087,63945,Manchester,http://data.pollstar.com/city/manchester-63945,,104,United Kingdom,"Manchester, United Kingdom",['Auditorium / Theatre'],1921,False,True,True
269357,Palace Theatre,http://data.pollstar.com/venue/palace-theatre-269357,63945,Manchester,http://data.pollstar.com/city/manchester-63945,,104,United Kingdom,"Manchester, United Kingdom",['Auditorium / Theatre'],1998,False,True,True
271089,Parr Hall,http://data.pollstar.com/venue/parr-hall-271089,64326,"Warrington, Cheshire",http://data.pollstar.com/city/warrington-cheshire-64326,,104,United Kingdom,"Warrington, Cheshire, United Kingdom",['Auditorium / Theatre'],1100,False,True,True
275824,Pavilion Arts Centre,http://data.pollstar.com/venue/pavilion-arts-centre-275824,65711,Buxton,http://data.pollstar.com/city/buxton-65711,,104,United Kingdom,"Buxton, United Kingdom",['Auditorium / Theatre'],360,False,False,True
278925,Preston Guildhall,http://data.pollstar.com/venue/preston-guildhall-278925,68332,Preston,http://data.pollstar.com/city/preston-68332,,104,United Kingdom,"Preston, United Kingdom",['Auditorium / Theatre'],2020,False,True,True
276821,Tameside Hippodrome,http://data.pollstar.com/venue/tameside-hippodrome-276821,63971,Ashton-Under-Lyne,http://data.pollstar.com/city/ashton-under-lyne-63971,,104,United Kingdom,"Ashton-Under-Lyne, United Kingdom",['Auditorium / Theatre'],1262,False,False,True
276937,Brudenell Social Club,http://data.pollstar.com/venue/brudenell-social-club-276937,67374,Leeds,http://data.pollstar.com/city/leeds-67374,,104,United Kingdom,"Leeds, United Kingdom",['Club'],400,True,True,True
269172,The Cockpit,http://data.pollstar.com/venue/the-cockpit-269172,67374,Leeds,http://data.pollstar.com/city/leeds-67374,,104,United Kingdom,"Leeds, United Kingdom",['Club'],500,False,False,True
272040,The Dome,http://data.pollstar.com/venue/the-dome-272040,66129,Doncaster,http://data.pollstar.com/city/doncaster-66129,,104,United Kingdom,"Doncaster, United Kingdom","['Arena', ' Club']",1850,True,True,True
268300,Fibbers,http://data.pollstar.com/venue/fibbers-268300,69761,York,http://data.pollstar.com/city/york-69761,,104,United Kingdom,"York, United Kingdom",['Club'],600,False,True,True
272694,First Direct Arena,http://data.pollstar.com/venue/first-direct-arena-272694,67374,Leeds,http://data.pollstar.com/city/leeds-67374,,104,United Kingdom,"Leeds, United Kingdom",['Arena'],13000,True,True,True
274601,Grand Opera House York,http://data.pollstar.com/venue/grand-opera-house-york-274601,69761,York,http://data.pollstar.com/city/york-69761,,104,United Kingdom,"York, United Kingdom",['Auditorium / Theatre'],1028,True,True,True
269166,The Irish Centre,http://data.pollstar.com/venue/the-irish-centre-269166,67374,Leeds,http://data.pollstar.com/city/leeds-67374,,104,United Kingdom,"Leeds, United Kingdom",['Club'],800,False,False,True
270245,Josephs Well,http://data.pollstar.com/venue/josephs-well-270245,67374,Leeds,http://data.pollstar.com/city/leeds-67374,,104,United Kingdom,"Leeds, United Kingdom",['Club'],375,False,False,True
276786,New Roscoe,http://data.pollstar.com/venue/new-roscoe-276786,67374,Leeds,http://data.pollstar.com/city/leeds-67374,,104,United Kingdom,"Leeds, United Kingdom",['Club'],0,False,False,True
271965,O2 Academy Leeds,http://data.pollstar.com/venue/o2-academy-leeds-271965,67374,Leeds,http://data.pollstar.com/city/leeds-67374,,104,United Kingdom,"Leeds, United Kingdom","['Club', ' Auditorium / Theatre']",2300,True,True,True
268012,St. George's Concert Hall,http://data.pollstar.com/venue/st-georges-concert-hall-268012,65578,Bradford,http://data.pollstar.com/city/bradford-65578,,104,United Kingdom,"Bradford, United Kingdom","['Club', ' Auditorium / Theatre']",1569,False,True,True
275633,Town & Country,http://data.pollstar.com/venue/town-country-275633,65578,Bradford,http://data.pollstar.com/city/bradford-65578,,104,United Kingdom,"Bradford, United Kingdom",['Club'],3000,False,False,True
268255,York Barbican,http://data.pollstar.com/venue/york-barbican-268255,69761,York,http://data.pollstar.com/city/york-69761,,104,United Kingdom,"York, United Kingdom","['Club', ' Auditorium / Theatre']",1500,True,True,True
274112,The Alexandra,http://data.pollstar.com/venue/the-alexandra-274112,65490,Birmingham,http://data.pollstar.com/city/birmingham-65490,,104,United Kingdom,"Birmingham, United Kingdom",['Auditorium / Theatre'],1398,False,True,True
274988,Assembly Rooms,http://data.pollstar.com/venue/assembly-rooms-274988,66077,Derby,http://data.pollstar.com/city/derby-66077,,104,United Kingdom,"Derby, United Kingdom",['Auditorium / Theatre'],2000,False,False,True
274555,Aston Villa Centre,http://data.pollstar.com/venue/aston-villa-centre-274555,65490,Birmingham,http://data.pollstar.com/city/birmingham-65490,,104,United Kingdom,"Birmingham, United Kingdom",['Auditorium / Theatre'],2750,False,False,True
269238,Birmingham Hippodrome,http://data.pollstar.com/venue/birmingham-hippodrome-269238,65490,Birmingham,http://data.pollstar.com/city/birmingham-65490,,104,United Kingdom,"Birmingham, United Kingdom",['Auditorium / Theatre'],1867,False,False,True
271450,The Civic Hall In Bedworth,http://data.pollstar.com/venue/the-civic-hall-in-bedworth-271450,65396,Bedworth,http://data.pollstar.com/city/bedworth-65396,,104,United Kingdom,"Bedworth, United Kingdom",['Auditorium / Theatre'],745,False,True,True
276201,The Drum,http://data.pollstar.com/venue/the-drum-276201,65490,Birmingham,http://data.pollstar.com/city/birmingham-65490,,104,United Kingdom,"Birmingham, United Kingdom",['Club'],1250,False,False,True
271093,Edwards No. 8,http://data.pollstar.com/venue/edwards-no-8-271093,65490,Birmingham,http://data.pollstar.com/city/birmingham-65490,,104,United Kingdom,"Birmingham, United Kingdom",['Club'],750,False,False,True
277619,Glee Club,http://data.pollstar.com/venue/glee-club-277619,65490,Birmingham,http://data.pollstar.com/city/birmingham-65490,,104,United Kingdom,"Birmingham, United Kingdom","['Club', ' Auditorium / Theatre']",400,True,True,True
271251,O2 Academy Birmingham,http://data.pollstar.com/venue/o2-academy-birmingham-271251,65490,Birmingham,http://data.pollstar.com/city/birmingham-65490,,104,United Kingdom,"Birmingham, United Kingdom",['Auditorium / Theatre'],3009,True,True,True
275596,O2 Institute Birmingham,http://data.pollstar.com/venue/o2-institute-birmingham-275596,65490,Birmingham,http://data.pollstar.com/city/birmingham-65490,,104,United Kingdom,"Birmingham, United Kingdom",['Auditorium / Theatre'],2900,True,True,True
271619,The Rainbow,http://data.pollstar.com/venue/the-rainbow-271619,65490,Birmingham,http://data.pollstar.com/city/birmingham-65490,,104,United Kingdom,"Birmingham, United Kingdom",['Club'],500,False,False,True
268295,Resorts World Arena,http://data.pollstar.com/venue/resorts-world-arena-268295,65490,Birmingham,http://data.pollstar.com/city/birmingham-65490,,104,United Kingdom,"Birmingham, United Kingdom",['Arena'],15594,True,True,True
271411,Ricoh Arena,http://data.pollstar.com/venue/ricoh-arena-271411,65983,Coventry,http://data.pollstar.com/city/coventry-65983,,104,United Kingdom,"Coventry, United Kingdom","['Complex', ' Stadium']",40500,False,True,True
272125,The Robin 2,http://data.pollstar.com/venue/the-robin-2-272125,65480,Bilston,http://data.pollstar.com/city/bilston-65480,,104,United Kingdom,"Bilston, United Kingdom",['Club'],700,True,False,True
271872,The Slade Rooms,http://data.pollstar.com/venue/the-slade-rooms-271872,64345,Wolverhampton,http://data.pollstar.com/city/wolverhampton-64345,,104,United Kingdom,"Wolverhampton, United Kingdom",['Auditorium / Theatre'],550,False,False,True
268485,Symphony Hall,http://data.pollstar.com/venue/symphony-hall-268485,65490,Birmingham,http://data.pollstar.com/city/birmingham-65490,,104,United Kingdom,"Birmingham, United Kingdom",['Auditorium / Theatre'],2260,True,True,True
271314,Town Hall,http://data.pollstar.com/venue/town-hall-271314,65490,Birmingham,http://data.pollstar.com/city/birmingham-65490,,104,United Kingdom,"Birmingham, United Kingdom",['Auditorium / Theatre'],1086,True,True,True
268254,Utilita Arena Birmingham,http://data.pollstar.com/venue/utilita-arena-birmingham-268254,65490,Birmingham,http://data.pollstar.com/city/birmingham-65490,,104,United Kingdom,"Birmingham, United Kingdom",['Arena'],15800,True,True,True
273746,Warwick Arts Centre,http://data.pollstar.com/venue/warwick-arts-centre-273746,65983,Coventry,http://data.pollstar.com/city/coventry-65983,,104,United Kingdom,"Coventry, United Kingdom","['Complex', ' Auditorium / Theatre']",1463,False,False,True
274892,Wolverhampton Civic Hall,http://data.pollstar.com/venue/wolverhampton-civic-hall-274892,64345,Wolverhampton,http://data.pollstar.com/city/wolverhampton-64345,,104,United Kingdom,"Wolverhampton, United Kingdom",['Auditorium / Theatre'],3000,False,True,True
269359,Wolverhampton Grand Theatre,http://data.pollstar.com/venue/wolverhampton-grand-theatre-269359,64345,Wolverhampton,http://data.pollstar.com/city/wolverhampton-64345,,104,United Kingdom,"Wolverhampton, United Kingdom",['Auditorium / Theatre'],1200,True,True,True
269656,Wulfrun Hall,http://data.pollstar.com/venue/wulfrun-hall-269656,64345,Wolverhampton,http://data.pollstar.com/city/wolverhampton-64345,,104,United Kingdom,"Wolverhampton, United Kingdom",['Club'],1100,False,False,True
270485,Aberystwyth Arts Centre,http://data.pollstar.com/venue/aberystwyth-arts-centre-270485,64774,Aberystwyth,http://data.pollstar.com/city/aberystwyth-64774,,104,United Kingdom,"Aberystwyth, United Kingdom",['Auditorium / Theatre'],1250,False,False,True
271094,Burnley Mechanics,http://data.pollstar.com/venue/burnley-mechanics-271094,65699,Burnley,http://data.pollstar.com/city/burnley-65699,,104,United Kingdom,"Burnley, United Kingdom",['Club'],495,False,True,True
270141,Casbah Club,http://data.pollstar.com/venue/casbah-club-270141,68778,Sheffield,http://data.pollstar.com/city/sheffield-68778,,104,United Kingdom,"Sheffield, United Kingdom",['Club'],580,False,False,True
269203,Don Valley Stadium,http://data.pollstar.com/venue/don-valley-stadium-269203,68778,Sheffield,http://data.pollstar.com/city/sheffield-68778,,104,United Kingdom,"Sheffield, United Kingdom",['Stadium'],50000,False,False,True
269989,FlyDSA Arena,http://data.pollstar.com/venue/flydsa-arena-269989,68778,Sheffield,http://data.pollstar.com/city/sheffield-68778,,104,United Kingdom,"Sheffield, United Kingdom",['Arena'],13600,True,True,True
271323,Foundry,http://data.pollstar.com/venue/foundry-271323,68778,Sheffield,http://data.pollstar.com/city/sheffield-68778,,104,United Kingdom,"Sheffield, United Kingdom","['Club', ' Auditorium / Theatre']",1000,False,False,True
274878,The Leadmill,http://data.pollstar.com/venue/the-leadmill-274878,68778,Sheffield,http://data.pollstar.com/city/sheffield-68778,,104,United Kingdom,"Sheffield, United Kingdom",['Club'],900,True,True,True
279247,The Muni Theatre,http://data.pollstar.com/venue/the-muni-theatre-279247,65937,Colne,http://data.pollstar.com/city/colne-65937,,104,United Kingdom,"Colne, United Kingdom",['Club'],750,False,True,True
279393,O2 Academy Sheffield,http://data.pollstar.com/venue/o2-academy-sheffield-279393,68778,Sheffield,http://data.pollstar.com/city/sheffield-68778,,104,United Kingdom,"Sheffield, United Kingdom","['Club', ' Auditorium / Theatre']",2950,True,True,True
275683,The Plug,http://data.pollstar.com/venue/the-plug-275683,68778,Sheffield,http://data.pollstar.com/city/sheffield-68778,,104,United Kingdom,"Sheffield, United Kingdom",['Club'],1440,False,False,True
269649,Sheffield City Hall,http://data.pollstar.com/venue/sheffield-city-hall-269649,68778,Sheffield,http://data.pollstar.com/city/sheffield-68778,,104,United Kingdom,"Sheffield, United Kingdom",['Auditorium / Theatre'],2271,True,True,True
269688,Sheffield Octagon Centre,http://data.pollstar.com/venue/sheffield-octagon-centre-269688,68778,Sheffield,http://data.pollstar.com/city/sheffield-68778,,104,United Kingdom,"Sheffield, United Kingdom",['Auditorium / Theatre'],1500,False,False,True
271053,Alexander's Live,http://data.pollstar.com/venue/alexanders-live-271053,65851,Chester,http://data.pollstar.com/city/chester-65851,,104,United Kingdom,"Chester, United Kingdom",['Club'],150,False,False,True
109180347,Anfield Stadium,http://data.pollstar.com/venue/anfield-stadium-109180347,67468,Liverpool,http://data.pollstar.com/city/liverpool-67468,,104,United Kingdom,"Liverpool, United Kingdom",['Stadium'],50000,False,True,True
273234,Cavern Club,http://data.pollstar.com/venue/cavern-club-273234,67468,Liverpool,http://data.pollstar.com/city/liverpool-67468,,104,United Kingdom,"Liverpool, United Kingdom",['Club'],350,True,False,True
273747,Epstein Theatre,http://data.pollstar.com/venue/epstein-theatre-273747,67468,Liverpool,http://data.pollstar.com/city/liverpool-67468,,104,United Kingdom,"Liverpool, United Kingdom","['Club', ' Auditorium / Theatre']",385,False,True,True
109146953,Eventim Olympia,http://data.pollstar.com/venue/eventim-olympia-109146953,67468,Liverpool,http://data.pollstar.com/city/liverpool-67468,,104,United Kingdom,"Liverpool, United Kingdom",['Auditorium / Theatre'],1960,False,True,True
270086,Liverpool Empire Theatre,http://data.pollstar.com/venue/liverpool-empire-theatre-270086,67468,Liverpool,http://data.pollstar.com/city/liverpool-67468,,104,United Kingdom,"Liverpool, United Kingdom",['Auditorium / Theatre'],2381,True,True,True
274879,Liverpool Philharmonic,http://data.pollstar.com/venue/liverpool-philharmonic-274879,67468,Liverpool,http://data.pollstar.com/city/liverpool-67468,,104,United Kingdom,"Liverpool, United Kingdom",['Auditorium / Theatre'],1685,True,True,True
278750,The Lomax,http://data.pollstar.com/venue/the-lomax-278750,67468,Liverpool,http://data.pollstar.com/city/liverpool-67468,,104,United Kingdom,"Liverpool, United Kingdom",['Club'],400,False,False,True
279386,M&S Bank Arena Liverpool,http://data.pollstar.com/venue/ms-bank-arena-liverpool-279386,67468,Liverpool,http://data.pollstar.com/city/liverpool-67468,,104,United Kingdom,"Liverpool, United Kingdom",['Arena'],11200,True,True,True
277638,O2 Academy Liverpool,http://data.pollstar.com/venue/o2-academy-liverpool-277638,67468,Liverpool,http://data.pollstar.com/city/liverpool-67468,,104,United Kingdom,"Liverpool, United Kingdom",['Auditorium / Theatre'],1200,True,True,True
273446,Pacific Road Arts Centre,http://data.pollstar.com/venue/pacific-road-arts-centre-273446,65488,Birkenhead,http://data.pollstar.com/city/birkenhead-65488,,104,United Kingdom,"Birkenhead, United Kingdom",['Auditorium / Theatre'],400,False,False,True
269073,The Picket,http://data.pollstar.com/venue/the-picket-269073,67468,Liverpool,http://data.pollstar.com/city/liverpool-67468,,104,United Kingdom,"Liverpool, United Kingdom",['Club'],0,False,False,True
274897,Royal Court Theatre,http://data.pollstar.com/venue/royal-court-theatre-274897,67468,Liverpool,http://data.pollstar.com/city/liverpool-67468,,104,United Kingdom,"Liverpool, United Kingdom",['Auditorium / Theatre'],1134,False,False,True
278780,Southport Theatre & Convention Ctr.,http://data.pollstar.com/venue/southport-theatre-convention-ctr-278780,68900,Southport,http://data.pollstar.com/city/southport-68900,,104,United Kingdom,"Southport, United Kingdom",['Auditorium / Theatre'],1631,True,True,True
269670,Anson Room,http://data.pollstar.com/venue/anson-room-269670,65627,Bristol,http://data.pollstar.com/city/bristol-65627,,104,United Kingdom,"Bristol, United Kingdom","['Club', ' Auditorium / Theatre']",900,True,True,True
271204,Bath Pavilion,http://data.pollstar.com/venue/bath-pavilion-271204,65365,Bath,http://data.pollstar.com/city/bath-65365,,104,United Kingdom,"Bath, United Kingdom",['Club'],1250,False,True,True
270305,Bristol Fleece,http://data.pollstar.com/venue/bristol-fleece-270305,65627,Bristol,http://data.pollstar.com/city/bristol-65627,,104,United Kingdom,"Bristol, United Kingdom",['Club'],330,True,True,True
272003,Bristol Hippodrome,http://data.pollstar.com/venue/bristol-hippodrome-272003,65627,Bristol,http://data.pollstar.com/city/bristol-65627,,104,United Kingdom,"Bristol, United Kingdom",['Auditorium / Theatre'],1981,True,True,True
279105,Cheese & Grain,http://data.pollstar.com/venue/cheese-grain-279105,66472,Frome,http://data.pollstar.com/city/frome-66472,,104,United Kingdom,"Frome, United Kingdom",['Club'],800,True,True,True
269344,Colston Hall,http://data.pollstar.com/venue/colston-hall-269344,65627,Bristol,http://data.pollstar.com/city/bristol-65627,,104,United Kingdom,"Bristol, United Kingdom",['Auditorium / Theatre'],1840,False,True,True
273648,Full Moon,http://data.pollstar.com/venue/full-moon-273648,65627,Bristol,http://data.pollstar.com/city/bristol-65627,,104,United Kingdom,"Bristol, United Kingdom",['Club'],0,False,False,True
275707,Marble Factory,http://data.pollstar.com/venue/marble-factory-275707,65627,Bristol,http://data.pollstar.com/city/bristol-65627,,104,United Kingdom,"Bristol, United Kingdom",['Club'],600,True,True,True
272546,Memorial Theatre,http://data.pollstar.com/venue/memorial-theatre-272546,66472,Frome,http://data.pollstar.com/city/frome-66472,,104,United Kingdom,"Frome, United Kingdom",['Auditorium / Theatre'],550,False,False,True
276376,Moles,http://data.pollstar.com/venue/moles-276376,65365,Bath,http://data.pollstar.com/city/bath-65365,,104,United Kingdom,"Bath, United Kingdom",['Club'],200,False,False,True
271890,O2 Academy Bristol,http://data.pollstar.com/venue/o2-academy-bristol-271890,65627,Bristol,http://data.pollstar.com/city/bristol-65627,,104,United Kingdom,"Bristol, United Kingdom",['Auditorium / Theatre'],1700,True,True,True
271069,Thekla,http://data.pollstar.com/venue/thekla-271069,65627,Bristol,http://data.pollstar.com/city/bristol-65627,,104,United Kingdom,"Bristol, United Kingdom",['Club'],400,True,True,True
272417,Trinity Centre,http://data.pollstar.com/venue/trinity-centre-272417,65627,Bristol,http://data.pollstar.com/city/bristol-65627,,104,United Kingdom,"Bristol, United Kingdom",['Auditorium / Theatre'],600,True,True,True
272390,The Ageas Bowl,http://data.pollstar.com/venue/the-ageas-bowl-272390,68895,Southampton,http://data.pollstar.com/city/southampton-68895,,104,United Kingdom,"Southampton, United Kingdom",['Stadium'],35000,True,True,True
269336,The Brook,http://data.pollstar.com/venue/the-brook-269336,68895,Southampton,http://data.pollstar.com/city/southampton-68895,,104,United Kingdom,"Southampton, United Kingdom",['Club'],600,True,False,True
278386,Engine Rooms,http://data.pollstar.com/venue/engine-rooms-278386,68895,Southampton,http://data.pollstar.com/city/southampton-68895,,104,United Kingdom,"Southampton, United Kingdom",['Club'],800,True,True,True
274509,The Joiners,http://data.pollstar.com/venue/the-joiners-274509,68895,Southampton,http://data.pollstar.com/city/southampton-68895,,104,United Kingdom,"Southampton, United Kingdom",['Club'],200,True,True,True
268427,O2 Guildhall Southampton,http://data.pollstar.com/venue/o2-guildhall-southampton-268427,68895,Southampton,http://data.pollstar.com/city/southampton-68895,,104,United Kingdom,"Southampton, United Kingdom",['Auditorium / Theatre'],1749,True,True,True
278539,Princes Hall,http://data.pollstar.com/venue/princes-hall-278539,66760,Hants,http://data.pollstar.com/city/hants-66760,,104,United Kingdom,"Hants, United Kingdom",['Auditorium / Theatre'],595,False,True,True
274099,Salisbury City Hall,http://data.pollstar.com/venue/salisbury-city-hall-274099,68599,Salisbury,http://data.pollstar.com/city/salisbury-68599,,104,United Kingdom,"Salisbury, United Kingdom",['Auditorium / Theatre'],1255,True,True,True
271390,St. Mary's Stadium,http://data.pollstar.com/venue/st-marys-stadium-271390,68895,Southampton,http://data.pollstar.com/city/southampton-68895,,104,United Kingdom,"Southampton, United Kingdom",['Stadium'],35000,False,True,True
274559,The Charlotte,http://data.pollstar.com/venue/the-charlotte-274559,67379,Leicester,http://data.pollstar.com/city/leicester-67379,,104,United Kingdom,"Leicester, United Kingdom",['Club'],390,False,False,True
278822,De Montfort Hall,http://data.pollstar.com/venue/de-montfort-hall-278822,67379,Leicester,http://data.pollstar.com/city/leicester-67379,,104,United Kingdom,"Leicester, United Kingdom",['Auditorium / Theatre'],2188,True,True,True
275776,O2 Academy,http://data.pollstar.com/venue/o2-academy-275776,67379,Leicester,http://data.pollstar.com/city/leicester-67379,,104,United Kingdom,"Leicester, United Kingdom",['Auditorium / Theatre'],1450,True,True,True
268795,Sue Townsend Theatre,http://data.pollstar.com/venue/sue-townsend-theatre-268795,67379,Leicester,http://data.pollstar.com/city/leicester-67379,,104,United Kingdom,"Leicester, United Kingdom",['Auditorium / Theatre'],266,False,True,True
271513,100 Club,http://data.pollstar.com/venue/100-club-271513,67494,London,http://data.pollstar.com/city/london-67494,,104,United Kingdom,"London, United Kingdom",['Club'],300,True,True,True
267977,12 Bar Club,http://data.pollstar.com/venue/12-bar-club-267977,67494,London,http://data.pollstar.com/city/london-67494,,104,United Kingdom,"London, United Kingdom",['Club'],150,False,False,True
272657,229,http://data.pollstar.com/venue/229-272657,67494,London,http://data.pollstar.com/city/london-67494,,104,United Kingdom,"London, United Kingdom",['Club'],760,True,True,True
278455,Aldwych Theatre,http://data.pollstar.com/venue/aldwych-theatre-278455,67494,London,http://data.pollstar.com/city/london-67494,,104,United Kingdom,"London, United Kingdom",['Auditorium / Theatre'],0,False,False,True
270043,Alexandra Palace,http://data.pollstar.com/venue/alexandra-palace-270043,67494,London,http://data.pollstar.com/city/london-67494,,104,United Kingdom,"London, United Kingdom",['Arena'],10250,True,True,True
309823,Alleycat Live,http://data.pollstar.com/venue/alleycat-live-309823,67494,London,http://data.pollstar.com/city/london-67494,,104,United Kingdom,"London, United Kingdom",['Club'],560,False,False,True
275967,Apollo Victoria Theatre,http://data.pollstar.com/venue/apollo-victoria-theatre-275967,67494,London,http://data.pollstar.com/city/london-67494,,104,United Kingdom,"London, United Kingdom",['Auditorium / Theatre'],2572,False,False,True
279343,Arts Theatre,http://data.pollstar.com/venue/arts-theatre-279343,67494,London,http://data.pollstar.com/city/london-67494,,104,United Kingdom,"London, United Kingdom",['Auditorium / Theatre'],360,True,False,True
274085,Ashcroft Theatre,http://data.pollstar.com/venue/ashcroft-theatre-274085,66012,Croydon,http://data.pollstar.com/city/croydon-66012,,104,United Kingdom,"Croydon, United Kingdom",['Auditorium / Theatre'],760,False,False,True
269968,Barbican Centre,http://data.pollstar.com/venue/barbican-centre-269968,67494,London,http://data.pollstar.com/city/london-67494,,104,United Kingdom,"London, United Kingdom",['Auditorium / Theatre'],0,True,True,True
271791,Barbican Hall,http://data.pollstar.com/venue/barbican-hall-271791,67494,London,http://data.pollstar.com/city/london-67494,,104,United Kingdom,"London, United Kingdom",['Auditorium / Theatre'],1989,False,True,True
276640,Barbican Theatre,http://data.pollstar.com/venue/barbican-theatre-276640,67494,London,http://data.pollstar.com/city/london-67494,,104,United Kingdom,"London, United Kingdom",['Auditorium / Theatre'],1156,False,False,True
270087,Beck Theatre,http://data.pollstar.com/venue/beck-theatre-270087,64088,Hayes,http://data.pollstar.com/city/hayes-64088,,104,United Kingdom,"Hayes, United Kingdom",['Auditorium / Theatre'],600,False,True,True
271636,Bloomsbury Ballroom,http://data.pollstar.com/venue/bloomsbury-ballroom-271636,67494,London,http://data.pollstar.com/city/london-67494,,104,United Kingdom,"London, United Kingdom",['Club'],800,False,False,True
271849,Bloomsbury Theatre,http://data.pollstar.com/venue/bloomsbury-theatre-271849,67494,London,http://data.pollstar.com/city/london-67494,,104,United Kingdom,"London, United Kingdom",['Auditorium / Theatre'],535,False,True,True
268273,Borderline,http://data.pollstar.com/venue/borderline-268273,67494,London,http://data.pollstar.com/city/london-67494,,104,United Kingdom,"London, United Kingdom",['Club'],300,False,True,True
268366,Brentwood Centre,http://data.pollstar.com/venue/brentwood-centre-268366,65609,Brentwood,http://data.pollstar.com/city/brentwood-65609,,104,United Kingdom,"Brentwood, United Kingdom","['Stadium', ' Auditorium / Theatre']",1906,True,True,True
273257,Bull And Gate,http://data.pollstar.com/venue/bull-and-gate-273257,67494,London,http://data.pollstar.com/city/london-67494,,104,United Kingdom,"London, United Kingdom",['Club'],150,False,False,True
277891,Cadogan Hall,http://data.pollstar.com/venue/cadogan-hall-277891,67494,London,http://data.pollstar.com/city/london-67494,,104,United Kingdom,"London, United Kingdom",['Auditorium / Theatre'],953,True,True,True
269488,Cafe de Paris,http://data.pollstar.com/venue/cafe-de-paris-269488,67494,London,http://data.pollstar.com/city/london-67494,,104,United Kingdom,"London, United Kingdom",['Club'],715,False,False,True
271592,The Camden Assembly,http://data.pollstar.com/venue/the-camden-assembly-271592,67494,London,http://data.pollstar.com/city/london-67494,,104,United Kingdom,"London, United Kingdom",['Club'],200,True,True,True
273958,Camouflage,http://data.pollstar.com/venue/camouflage-273958,67494,London,http://data.pollstar.com/city/london-67494,,104,United Kingdom,"London, United Kingdom",['Club'],470,False,False,True
271888,Cartoon,http://data.pollstar.com/venue/cartoon-271888,66012,Croydon,http://data.pollstar.com/city/croydon-66012,,104,United Kingdom,"Croydon, United Kingdom",['Club'],250,False,False,True
274390,Cecil Sharp House,http://data.pollstar.com/venue/cecil-sharp-house-274390,67494,London,http://data.pollstar.com/city/london-67494,,104,United Kingdom,"London, United Kingdom",['Club'],700,True,False,True
276114,Dingwalls,http://data.pollstar.com/venue/dingwalls-276114,67494,London,http://data.pollstar.com/city/london-67494,,104,United Kingdom,"London, United Kingdom",['Club'],487,True,True,True
269370,Dome Club,http://data.pollstar.com/venue/dome-club-269370,67494,London,http://data.pollstar.com/city/london-67494,,104,United Kingdom,"London, United Kingdom",['Club'],350,False,True,True
273256,Dorking Halls,http://data.pollstar.com/venue/dorking-halls-273256,66136,Dorking,http://data.pollstar.com/city/dorking-66136,,104,United Kingdom,"Dorking, United Kingdom",['Auditorium / Theatre'],1100,True,True,True
276531,Duchess Theatre,http://data.pollstar.com/venue/duchess-theatre-276531,67494,London,http://data.pollstar.com/city/london-67494,,104,United Kingdom,"London, United Kingdom",['Auditorium / Theatre'],0,False,False,True
278245,Duke of York's Theatre,http://data.pollstar.com/venue/duke-of-yorks-theatre-278245,67494,London,http://data.pollstar.com/city/london-67494,,104,United Kingdom,"London, United Kingdom",['Auditorium / Theatre'],0,False,False,True
269942,Earls Court,http://data.pollstar.com/venue/earls-court-269942,67494,London,http://data.pollstar.com/city/london-67494,,104,United Kingdom,"London, United Kingdom",['Arena'],19500,False,False,True
271045,Electric Ballroom,http://data.pollstar.com/venue/electric-ballroom-271045,67494,London,http://data.pollstar.com/city/london-67494,,104,United Kingdom,"London, United Kingdom",['Club'],1100,True,True,True
109084948,Emirates Stadium,http://data.pollstar.com/venue/emirates-stadium-109084948,67494,London,http://data.pollstar.com/city/london-67494,,104,United Kingdom,"London, United Kingdom",['Stadium'],50000,True,False,True
273700,Eventim Apollo,http://data.pollstar.com/venue/eventim-apollo-273700,67494,London,http://data.pollstar.com/city/london-67494,,104,United Kingdom,"London, United Kingdom",['Auditorium / Theatre'],5300,True,True,True
269421,ExCeL London,http://data.pollstar.com/venue/excel-london-269421,67494,London,http://data.pollstar.com/city/london-67494,,104,United Kingdom,"London, United Kingdom","['Amphitheatre', ' Arena']",17000,False,False,True
275532,Fabric / Room 1,http://data.pollstar.com/venue/fabric-room-1-275532,67494,London,http://data.pollstar.com/city/london-67494,,104,United Kingdom,"London, United Kingdom",['Club'],220,False,False,True
277565,Fabric / Room 2,http://data.pollstar.com/venue/fabric-room-2-277565,67494,London,http://data.pollstar.com/city/london-67494,,104,United Kingdom,"London, United Kingdom",['Club'],90,False,False,True
109085072,Fabric / Room 3,http://data.pollstar.com/venue/fabric-room-3-109085072,67494,London,http://data.pollstar.com/city/london-67494,,104,United Kingdom,"London, United Kingdom",['Club'],50,False,False,True
268231,The Garage,http://data.pollstar.com/venue/the-garage-268231,67494,London,http://data.pollstar.com/city/london-67494,,104,United Kingdom,"London, United Kingdom",['Club'],800,True,True,True
271324,Hackney Empire Theatre,http://data.pollstar.com/venue/hackney-empire-theatre-271324,67494,London,http://data.pollstar.com/city/london-67494,,104,United Kingdom,"London, United Kingdom",['Auditorium / Theatre'],1332,False,False,True
273788,The Half Moon Putney,http://data.pollstar.com/venue/the-half-moon-putney-273788,67494,London,http://data.pollstar.com/city/london-67494,,104,United Kingdom,"London, United Kingdom",['Club'],220,False,True,True
277880,Hard Rock Cafe,http://data.pollstar.com/venue/hard-rock-cafe-277880,67494,London,http://data.pollstar.com/city/london-67494,,104,United Kingdom,"London, United Kingdom",['Club'],200,False,False,True
279055,Heaven,http://data.pollstar.com/venue/heaven-279055,67494,London,http://data.pollstar.com/city/london-67494,,104,United Kingdom,"London, United Kingdom",['Club'],1625,True,True,True
269309,Hope & Anchor,http://data.pollstar.com/venue/hope-anchor-269309,67494,London,http://data.pollstar.com/city/london-67494,,104,United Kingdom,"London, United Kingdom",['Club'],0,False,False,True
279372,Indigo At The O2,http://data.pollstar.com/venue/indigo-at-the-o2-279372,67494,London,http://data.pollstar.com/city/london-67494,,104,United Kingdom,"London, United Kingdom",['Club'],2717,True,True,True
276942,Institute Of Contemporary Arts,http://data.pollstar.com/venue/institute-of-contemporary-arts-276942,67494,London,http://data.pollstar.com/city/london-67494,,104,United Kingdom,"London, United Kingdom",['Auditorium / Theatre'],350,False,False,True
276357,The Jazz Cafe,http://data.pollstar.com/venue/the-jazz-cafe-276357,67494,London,http://data.pollstar.com/city/london-67494,,104,United Kingdom,"London, United Kingdom",['Club'],420,True,True,True
271388,Koko,http://data.pollstar.com/venue/koko-271388,67494,London,http://data.pollstar.com/city/london-67494,,104,United Kingdom,"London, United Kingdom",['Club'],1410,False,True,True
276352,The London Palladium,http://data.pollstar.com/venue/the-london-palladium-276352,67494,London,http://data.pollstar.com/city/london-67494,,104,United Kingdom,"London, United Kingdom",['Auditorium / Theatre'],2273,True,True,True
272676,London Stadium,http://data.pollstar.com/venue/london-stadium-272676,67494,London,http://data.pollstar.com/city/london-67494,,104,United Kingdom,"London, United Kingdom",['Stadium'],80000,True,True,True
273250,Madame Jo Jo's,http://data.pollstar.com/venue/madame-jo-jos-273250,67494,London,http://data.pollstar.com/city/london-67494,,104,United Kingdom,"London, United Kingdom",['Club'],180,False,False,True
276221,Mick Jagger Centre,http://data.pollstar.com/venue/mick-jagger-centre-276221,66046,Dartford,http://data.pollstar.com/city/dartford-66046,,104,United Kingdom,"Dartford, United Kingdom",['Auditorium / Theatre'],0,True,False,True
276828,Millennium Dome,http://data.pollstar.com/venue/millennium-dome-276828,67494,London,http://data.pollstar.com/city/london-67494,,104,United Kingdom,"London, United Kingdom",['Arena'],0,True,True,True
275644,Millfield Theatre,http://data.pollstar.com/venue/millfield-theatre-275644,67494,London,http://data.pollstar.com/city/london-67494,,104,United Kingdom,"London, United Kingdom",['Auditorium / Theatre'],362,False,True,True
271097,The Monarch,http://data.pollstar.com/venue/the-monarch-271097,67494,London,http://data.pollstar.com/city/london-67494,,104,United Kingdom,"London, United Kingdom",['Club'],0,False,True,True
275220,Novello,http://data.pollstar.com/venue/novello-275220,67494,London,http://data.pollstar.com/city/london-67494,,104,United Kingdom,"London, United Kingdom",['Auditorium / Theatre'],1105,False,False,True
270466,O2 Academy Brixton,http://data.pollstar.com/venue/o2-academy-brixton-270466,67494,London,http://data.pollstar.com/city/london-67494,,104,United Kingdom,"London, United Kingdom",['Auditorium / Theatre'],4921,True,True,True
273692,O2 Academy Islington,http://data.pollstar.com/venue/o2-academy-islington-273692,67494,London,http://data.pollstar.com/city/london-67494,,104,United Kingdom,"London, United Kingdom",['Auditorium / Theatre'],800,True,True,True
268303,O2 Forum Kentish Town,http://data.pollstar.com/venue/o2-forum-kentish-town-268303,67494,London,http://data.pollstar.com/city/london-67494,,104,United Kingdom,"London, United Kingdom",['Auditorium / Theatre'],2300,True,True,True
277063,The O2 - London,http://data.pollstar.com/venue/the-o2-london-277063,67494,London,http://data.pollstar.com/city/london-67494,,104,United Kingdom,"London, United Kingdom",['Arena'],21000,True,True,True
273783,O2 Shepherd's Bush Empire,http://data.pollstar.com/venue/o2-shepherds-bush-empire-273783,67494,London,http://data.pollstar.com/city/london-67494,,104,United Kingdom,"London, United Kingdom",['Auditorium / Theatre'],2000,True,True,True
271526,The Orchard Theatre,http://data.pollstar.com/venue/the-orchard-theatre-271526,66046,Dartford,http://data.pollstar.com/city/dartford-66046,,104,United Kingdom,"Dartford, United Kingdom",['Auditorium / Theatre'],1023,True,True,True
271429,The Pigalle,http://data.pollstar.com/venue/the-pigalle-271429,67494,London,http://data.pollstar.com/city/london-67494,,104,United Kingdom,"London, United Kingdom",['Club'],280,False,False,True
270476,PizzaExpress Jazz Club,http://data.pollstar.com/venue/pizzaexpress-jazz-club-270476,67494,London,http://data.pollstar.com/city/london-67494,,104,United Kingdom,"London, United Kingdom",['Club'],115,False,False,True
272957,Proud2,http://data.pollstar.com/venue/proud2-272957,67494,London,http://data.pollstar.com/city/london-67494,,104,United Kingdom,"London, United Kingdom",['Club'],3500,False,False,True
269074,Purcell Room,http://data.pollstar.com/venue/purcell-room-269074,67494,London,http://data.pollstar.com/city/london-67494,,104,United Kingdom,"London, United Kingdom",['Auditorium / Theatre'],368,False,False,True
271044,Queen Elizabeth Hall,http://data.pollstar.com/venue/queen-elizabeth-hall-271044,67494,London,http://data.pollstar.com/city/london-67494,,104,United Kingdom,"London, United Kingdom",['Auditorium / Theatre'],900,True,True,True
272321,Queen's Theatre,http://data.pollstar.com/venue/queens-theatre-272321,66943,Hornchurch,http://data.pollstar.com/city/hornchurch-66943,,104,United Kingdom,"Hornchurch, United Kingdom",['Auditorium / Theatre'],505,False,True,True
274560,Roadhouse,http://data.pollstar.com/venue/roadhouse-274560,67494,London,http://data.pollstar.com/city/london-67494,,104,United Kingdom,"London, United Kingdom",['Club'],575,False,False,True
273728,Ronnie Scott's,http://data.pollstar.com/venue/ronnie-scotts-273728,67494,London,http://data.pollstar.com/city/london-67494,,104,United Kingdom,"London, United Kingdom",['Club'],300,False,False,True
270044,Roundhouse,http://data.pollstar.com/venue/roundhouse-270044,67494,London,http://data.pollstar.com/city/london-67494,,104,United Kingdom,"London, United Kingdom",['Auditorium / Theatre'],3118,True,True,True
270310,Royal Albert Hall,http://data.pollstar.com/venue/royal-albert-hall-270310,67494,London,http://data.pollstar.com/city/london-67494,,104,United Kingdom,"London, United Kingdom",['Auditorium / Theatre'],5272,True,True,True
268478,Royal Festival Hall,http://data.pollstar.com/venue/royal-festival-hall-268478,67494,London,http://data.pollstar.com/city/london-67494,,104,United Kingdom,"London, United Kingdom",['Auditorium / Theatre'],2900,True,True,True
276194,Royal Opera House,http://data.pollstar.com/venue/royal-opera-house-276194,67494,London,http://data.pollstar.com/city/london-67494,,104,United Kingdom,"London, United Kingdom",['Auditorium / Theatre'],2262,False,False,True
273566,The Social,http://data.pollstar.com/venue/the-social-273566,67494,London,http://data.pollstar.com/city/london-67494,,104,United Kingdom,"London, United Kingdom",['Club'],250,False,False,True
272280,Somerset House,http://data.pollstar.com/venue/somerset-house-272280,67494,London,http://data.pollstar.com/city/london-67494,,104,United Kingdom,"London, United Kingdom",['Outdoor Venues'],3000,False,False,True
271453,The Square,http://data.pollstar.com/venue/the-square-271453,66770,Harlow,http://data.pollstar.com/city/harlow-66770,,104,United Kingdom,"Harlow, United Kingdom",['Club'],325,False,False,True
270071,"The SSE Arena, Wembley",http://data.pollstar.com/venue/the-sse-arena-wembley-270071,67494,London,http://data.pollstar.com/city/london-67494,,104,United Kingdom,"London, United Kingdom",['Arena'],12500,True,True,True
274867,Theatre Royal Drury Lane,http://data.pollstar.com/venue/theatre-royal-drury-lane-274867,67494,London,http://data.pollstar.com/city/london-67494,,104,United Kingdom,"London, United Kingdom",['Auditorium / Theatre'],2154,False,True,True
274240,Under The Bridge,http://data.pollstar.com/venue/under-the-bridge-274240,67494,London,http://data.pollstar.com/city/london-67494,,104,United Kingdom,"London, United Kingdom",['Club'],550,True,False,True
271263,The Underworld,http://data.pollstar.com/venue/the-underworld-271263,67494,London,http://data.pollstar.com/city/london-67494,,104,United Kingdom,"London, United Kingdom",['Club'],500,True,True,True
272061,Union Chapel,http://data.pollstar.com/venue/union-chapel-272061,67494,London,http://data.pollstar.com/city/london-67494,,104,United Kingdom,"London, United Kingdom",['Auditorium / Theatre'],850,True,True,True
269475,Upstairs At The Garage,http://data.pollstar.com/venue/upstairs-at-the-garage-269475,67494,London,http://data.pollstar.com/city/london-67494,,104,United Kingdom,"London, United Kingdom",['Club'],150,False,True,True
276196,The Verge,http://data.pollstar.com/venue/the-verge-276196,67494,London,http://data.pollstar.com/city/london-67494,,104,United Kingdom,"London, United Kingdom",['Club'],0,False,False,True
274848,The Water Rats,http://data.pollstar.com/venue/the-water-rats-274848,67494,London,http://data.pollstar.com/city/london-67494,,104,United Kingdom,"London, United Kingdom","['Club', ' Auditorium / Theatre']",200,False,True,True
268348,Watford Colosseum,http://data.pollstar.com/venue/watford-colosseum-268348,69534,Watford,http://data.pollstar.com/city/watford-69534,,104,United Kingdom,"Watford, United Kingdom",['Auditorium / Theatre'],1440,True,True,True
273612,Wembley Stadium,http://data.pollstar.com/venue/wembley-stadium-273612,67494,London,http://data.pollstar.com/city/london-67494,,104,United Kingdom,"London, United Kingdom",['Stadium'],98000,True,True,True
271326,Wigmore Hall,http://data.pollstar.com/venue/wigmore-hall-271326,67494,London,http://data.pollstar.com/city/london-67494,,104,United Kingdom,"London, United Kingdom",['Arena'],552,False,False,True
270135,The Windmill,http://data.pollstar.com/venue/the-windmill-270135,67494,London,http://data.pollstar.com/city/london-67494,,104,United Kingdom,"London, United Kingdom",['Club'],150,True,False,True
274552,Aylesbury Civic Centre,http://data.pollstar.com/venue/aylesbury-civic-centre-274552,65098,Aylesbury,http://data.pollstar.com/city/aylesbury-65098,,104,United Kingdom,"Aylesbury, United Kingdom",['Auditorium / Theatre'],1150,False,False,True
273955,The Kassam Stadium,http://data.pollstar.com/venue/the-kassam-stadium-273955,68163,Oxford,http://data.pollstar.com/city/oxford-68163,,104,United Kingdom,"Oxford, United Kingdom",['Stadium'],17000,False,False,True
78122169,Milton Keynes Theatre,http://data.pollstar.com/venue/milton-keynes-theatre-78122169,65667,Buckinghamshire,http://data.pollstar.com/city/buckinghamshire-65667,,104,United Kingdom,"Buckinghamshire, United Kingdom",['Auditorium / Theatre'],1400,False,True,True
272350,New Theatre Oxford,http://data.pollstar.com/venue/new-theatre-oxford-272350,68163,Oxford,http://data.pollstar.com/city/oxford-68163,,104,United Kingdom,"Oxford, United Kingdom",['Auditorium / Theatre'],1800,True,True,True
271609,O2 Academy Oxford,http://data.pollstar.com/venue/o2-academy-oxford-271609,68163,Oxford,http://data.pollstar.com/city/oxford-68163,,104,United Kingdom,"Oxford, United Kingdom",['Auditorium / Theatre'],1350,True,True,True
271414,Old Fire Station,http://data.pollstar.com/venue/old-fire-station-271414,68163,Oxford,http://data.pollstar.com/city/oxford-68163,,104,United Kingdom,"Oxford, United Kingdom",['Auditorium / Theatre'],169,False,False,True
276272,The Bowery District,http://data.pollstar.com/venue/the-bowery-district-276272,68396,Reading,http://data.pollstar.com/city/reading-68396,,104,United Kingdom,"Reading, United Kingdom",['Club'],300,False,False,True
272388,The Camberley Theatre,http://data.pollstar.com/venue/the-camberley-theatre-272388,65735,Camberley,http://data.pollstar.com/city/camberley-65735,,104,United Kingdom,"Camberley, United Kingdom",['Auditorium / Theatre'],400,False,True,True
268271,The Hexagon,http://data.pollstar.com/venue/the-hexagon-268271,68396,Reading,http://data.pollstar.com/city/reading-68396,,104,United Kingdom,"Reading, United Kingdom",['Auditorium / Theatre'],1686,True,True,True
268011,Rivermead Leisure Complex,http://data.pollstar.com/venue/rivermead-leisure-complex-268011,68396,Reading,http://data.pollstar.com/city/reading-68396,,104,United Kingdom,"Reading, United Kingdom",['Auditorium / Theatre'],3000,False,True,True
276719,Shakura,http://data.pollstar.com/venue/shakura-276719,68396,Reading,http://data.pollstar.com/city/reading-68396,,104,United Kingdom,"Reading, United Kingdom",['Club'],560,False,False,True
271818,South Hill Park Arts Centre,http://data.pollstar.com/venue/south-hill-park-arts-centre-271818,65577,Bracknell,http://data.pollstar.com/city/bracknell-65577,,104,United Kingdom,"Bracknell, United Kingdom",['Auditorium / Theatre'],500,False,False,True
278741,West End Centre,http://data.pollstar.com/venue/west-end-centre-278741,64818,Aldershot,http://data.pollstar.com/city/aldershot-64818,,104,United Kingdom,"Aldershot, United Kingdom",['Auditorium / Theatre'],200,True,False,True
274420,Edinburgh Corn Exchange,http://data.pollstar.com/venue/edinburgh-corn-exchange-274420,66243,Edinburgh,http://data.pollstar.com/city/edinburgh-66243,,104,United Kingdom,"Edinburgh, United Kingdom","['Arena', ' Auditorium / Theatre']",2800,True,True,True
272015,Edinburgh Playhouse,http://data.pollstar.com/venue/edinburgh-playhouse-272015,66243,Edinburgh,http://data.pollstar.com/city/edinburgh-66243,,104,United Kingdom,"Edinburgh, United Kingdom",['Auditorium / Theatre'],3056,True,True,True
278914,Festival Theatre Edinburgh,http://data.pollstar.com/venue/festival-theatre-edinburgh-278914,66243,Edinburgh,http://data.pollstar.com/city/edinburgh-66243,,104,United Kingdom,"Edinburgh, United Kingdom",['Auditorium / Theatre'],1915,True,True,True
109084930,Hard Rock Cafe,http://data.pollstar.com/venue/hard-rock-cafe-109084930,66243,Edinburgh,http://data.pollstar.com/city/edinburgh-66243,,104,United Kingdom,"Edinburgh, United Kingdom",['Club'],200,False,False,True
269650,La Belle Angele,http://data.pollstar.com/venue/la-belle-angele-269650,66243,Edinburgh,http://data.pollstar.com/city/edinburgh-66243,,104,United Kingdom,"Edinburgh, United Kingdom",['Club'],500,True,True,True
274886,The Liquid Room,http://data.pollstar.com/venue/the-liquid-room-274886,66243,Edinburgh,http://data.pollstar.com/city/edinburgh-66243,,104,United Kingdom,"Edinburgh, United Kingdom",['Club'],800,True,True,True
275364,"The Picture House, Edinburgh",http://data.pollstar.com/venue/the-picture-house-edinburgh-275364,66243,Edinburgh,http://data.pollstar.com/city/edinburgh-66243,,104,United Kingdom,"Edinburgh, United Kingdom","['Club', ' Auditorium / Theatre']",1500,False,False,True
269606,The Potterrow,http://data.pollstar.com/venue/the-potterrow-269606,66243,Edinburgh,http://data.pollstar.com/city/edinburgh-66243,,104,United Kingdom,"Edinburgh, United Kingdom","['Club', ' Untyped Venue']",1300,False,False,True
273726,The Queens Hall,http://data.pollstar.com/venue/the-queens-hall-273726,66243,Edinburgh,http://data.pollstar.com/city/edinburgh-66243,,104,United Kingdom,"Edinburgh, United Kingdom",['Club'],900,True,True,True
267912,Rothes Halls,http://data.pollstar.com/venue/rothes-halls-267912,66568,Glenrothes,http://data.pollstar.com/city/glenrothes-66568,,104,United Kingdom,"Glenrothes, United Kingdom",['Auditorium / Theatre'],1500,False,True,True
272016,Royal Highland Centre,http://data.pollstar.com/venue/royal-highland-centre-272016,66243,Edinburgh,http://data.pollstar.com/city/edinburgh-66243,,104,United Kingdom,"Edinburgh, United Kingdom",['Convention Center'],0,False,True,True
109133105,Royal Lyceum Theatre,http://data.pollstar.com/venue/royal-lyceum-theatre-109133105,66243,Edinburgh,http://data.pollstar.com/city/edinburgh-66243,,104,United Kingdom,"Edinburgh, United Kingdom",['Auditorium / Theatre'],658,False,False,True
271982,Teviot Row Debating Hall,http://data.pollstar.com/venue/teviot-row-debating-hall-271982,66243,Edinburgh,http://data.pollstar.com/city/edinburgh-66243,,104,United Kingdom,"Edinburgh, United Kingdom","['Untyped Venue', ' Untyped Venue']",600,False,True,True
276364,Usher Hall,http://data.pollstar.com/venue/usher-hall-276364,66243,Edinburgh,http://data.pollstar.com/city/edinburgh-66243,,104,United Kingdom,"Edinburgh, United Kingdom",['Auditorium / Theatre'],2900,True,True,True
278791,The Anvil,http://data.pollstar.com/venue/the-anvil-278791,65361,Basingstoke,http://data.pollstar.com/city/basingstoke-65361,,104,United Kingdom,"Basingstoke, United Kingdom",['Club'],1400,True,True,True
274898,The Central Theatre,http://data.pollstar.com/venue/the-central-theatre-274898,65830,Chatham,http://data.pollstar.com/city/chatham-65830,,104,United Kingdom,"Chatham, United Kingdom",['Auditorium / Theatre'],966,False,True,True
273029,Chinnery's,http://data.pollstar.com/venue/chinnerys-273029,68899,Southend-On-Sea,http://data.pollstar.com/city/southend-on-sea-68899,,104,United Kingdom,"Southend-On-Sea, United Kingdom",['Club'],400,True,True,True
271249,Cliffs Pavilion,http://data.pollstar.com/venue/cliffs-pavilion-271249,68899,Southend-On-Sea,http://data.pollstar.com/city/southend-on-sea-68899,,104,United Kingdom,"Southend-On-Sea, United Kingdom",['Auditorium / Theatre'],2250,True,True,True
279243,Palace Theatre,http://data.pollstar.com/venue/palace-theatre-279243,69600,Westcliff-on-Sea,http://data.pollstar.com/city/westcliff-on-sea-69600,,104,United Kingdom,"Westcliff-on-Sea, United Kingdom",['Auditorium / Theatre'],603,False,False,True
279282,Unex Towerlands,http://data.pollstar.com/venue/unex-towerlands-279282,65579,Braintree,http://data.pollstar.com/city/braintree-65579,,104,United Kingdom,"Braintree, United Kingdom",['Convention Center'],4000,False,False,True
269665,Cheltenham Town Hall,http://data.pollstar.com/venue/cheltenham-town-hall-269665,65837,Cheltenham,http://data.pollstar.com/city/cheltenham-65837,,104,United Kingdom,"Cheltenham, United Kingdom",['Auditorium / Theatre'],1008,True,True,True
274817,Gloucester Guildhall,http://data.pollstar.com/venue/gloucester-guildhall-274817,66572,Gloucester,http://data.pollstar.com/city/gloucester-66572,,104,United Kingdom,"Gloucester, United Kingdom",['Auditorium / Theatre'],400,True,False,True
273614,Night Owl Rock Club,http://data.pollstar.com/venue/night-owl-rock-club-273614,65837,Cheltenham,http://data.pollstar.com/city/cheltenham-65837,,104,United Kingdom,"Cheltenham, United Kingdom",['Club'],220,False,False,True
267911,Cavern Club,http://data.pollstar.com/venue/cavern-club-267911,66341,Exeter,http://data.pollstar.com/city/exeter-66341,,104,United Kingdom,"Exeter, United Kingdom",['Club'],250,False,True,True
269126,Exeter Corn Exchange,http://data.pollstar.com/venue/exeter-corn-exchange-269126,66341,Exeter,http://data.pollstar.com/city/exeter-66341,,104,United Kingdom,"Exeter, United Kingdom",['Auditorium / Theatre'],500,True,True,True
279515,Exeter & Devon Arts Centre,http://data.pollstar.com/venue/exeter-devon-arts-centre-279515,66341,Exeter,http://data.pollstar.com/city/exeter-66341,,104,United Kingdom,"Exeter, United Kingdom",['Club'],180,False,False,True
276780,Exeter Phoenix,http://data.pollstar.com/venue/exeter-phoenix-276780,66341,Exeter,http://data.pollstar.com/city/exeter-66341,,104,United Kingdom,"Exeter, United Kingdom",['Club'],450,True,True,True
277821,Exeter Phoenix Arts & Media,http://data.pollstar.com/venue/exeter-phoenix-arts-media-277821,66341,Exeter,http://data.pollstar.com/city/exeter-66341,,104,United Kingdom,"Exeter, United Kingdom",['Club'],216,False,False,True
276949,Palace Theatre,http://data.pollstar.com/venue/palace-theatre-276949,68175,Paignton,http://data.pollstar.com/city/paignton-68175,,104,United Kingdom,"Paignton, United Kingdom",['Auditorium / Theatre'],386,False,False,True
271099,Princess Theatre,http://data.pollstar.com/venue/princess-theatre-271099,69267,Torquay,http://data.pollstar.com/city/torquay-69267,,104,United Kingdom,"Torquay, United Kingdom","['Club', ' Auditorium / Theatre']",1491,True,True,True
272424,Hall For Cornwall,http://data.pollstar.com/venue/hall-for-cornwall-272424,69318,Truro,http://data.pollstar.com/city/truro-69318,,104,United Kingdom,"Truro, United Kingdom",['Auditorium / Theatre'],1685,False,True,True
270067,Cambridge Corn Exchange,http://data.pollstar.com/venue/cambridge-corn-exchange-270067,65739,Cambridge,http://data.pollstar.com/city/cambridge-65739,,104,United Kingdom,"Cambridge, United Kingdom",['Auditorium / Theatre'],1697,True,True,True
274882,Cambridge Junction,http://data.pollstar.com/venue/cambridge-junction-274882,65739,Cambridge,http://data.pollstar.com/city/cambridge-65739,,104,United Kingdom,"Cambridge, United Kingdom",['Club'],850,True,True,True
269339,Bournemouth Pavilion Theatre,http://data.pollstar.com/venue/bournemouth-pavilion-theatre-269339,65571,Bournemouth,http://data.pollstar.com/city/bournemouth-65571,,104,United Kingdom,"Bournemouth, United Kingdom",['Auditorium / Theatre'],1448,True,True,True
272419,Solent Hall,http://data.pollstar.com/venue/solent-hall-272419,65571,Bournemouth,http://data.pollstar.com/city/bournemouth-65571,,104,United Kingdom,"Bournemouth, United Kingdom",['Auditorium / Theatre'],2500,False,True,True
277028,Windsor Hall,http://data.pollstar.com/venue/windsor-hall-277028,65571,Bournemouth,http://data.pollstar.com/city/bournemouth-65571,,104,United Kingdom,"Bournemouth, United Kingdom",['Auditorium / Theatre'],6500,False,True,True
269652,Royal & Derngate,http://data.pollstar.com/venue/royal-derngate-269652,68017,Northampton,http://data.pollstar.com/city/northampton-68017,,104,United Kingdom,"Northampton, United Kingdom",['Auditorium / Theatre'],1500,True,True,True
272224,Royal Spa Centre,http://data.pollstar.com/venue/royal-spa-centre-272224,67363,Leamington Spa,http://data.pollstar.com/city/leamington-spa-67363,,104,United Kingdom,"Leamington Spa, United Kingdom",['Auditorium / Theatre'],664,False,True,True
277620,Royal Theatre,http://data.pollstar.com/venue/royal-theatre-277620,68017,Northampton,http://data.pollstar.com/city/northampton-68017,,104,United Kingdom,"Northampton, United Kingdom",['Auditorium / Theatre'],581,False,False,True
277238,Soundhaus,http://data.pollstar.com/venue/soundhaus-277238,68017,Northampton,http://data.pollstar.com/city/northampton-68017,,104,United Kingdom,"Northampton, United Kingdom",['Club'],0,False,False,True
275953,Warwick Castle,http://data.pollstar.com/venue/warwick-castle-275953,69524,Warwick,http://data.pollstar.com/city/warwick-69524,,104,United Kingdom,"Warwick, United Kingdom",['Auditorium / Theatre'],15000,True,False,True
268147,Darlington Arts Centre,http://data.pollstar.com/venue/darlington-arts-centre-268147,66043,Darlington,http://data.pollstar.com/city/darlington-66043,,104,United Kingdom,"Darlington, United Kingdom",['Club'],350,True,False,True
274556,Darlington Civic Theatre,http://data.pollstar.com/venue/darlington-civic-theatre-274556,66043,Darlington,http://data.pollstar.com/city/darlington-66043,,104,United Kingdom,"Darlington, United Kingdom",['Club'],909,False,False,True
272041,Middlesbrough Empire,http://data.pollstar.com/venue/middlesbrough-empire-272041,64146,Middlesbrough,http://data.pollstar.com/city/middlesbrough-64146,,104,United Kingdom,"Middlesbrough, United Kingdom",['Club'],1215,False,False,True
269523,Middlesbrough Town Hall,http://data.pollstar.com/venue/middlesbrough-town-hall-269523,64146,Middlesbrough,http://data.pollstar.com/city/middlesbrough-64146,,104,United Kingdom,"Middlesbrough, United Kingdom",['Auditorium / Theatre'],1440,True,True,True
271591,The Studio,http://data.pollstar.com/venue/the-studio-271591,64085,Hartlepool,http://data.pollstar.com/city/hartlepool-64085,,104,United Kingdom,"Hartlepool, United Kingdom",['Club'],180,False,False,True
278220,Britannia Pier Theatre,http://data.pollstar.com/venue/britannia-pier-theatre-278220,66640,Great Yarmouth,http://data.pollstar.com/city/great-yarmouth-66640,,104,United Kingdom,"Great Yarmouth, United Kingdom",['Auditorium / Theatre'],1200,False,True,True
276211,Norwich Playhouse,http://data.pollstar.com/venue/norwich-playhouse-276211,68028,Norwich,http://data.pollstar.com/city/norwich-68028,,104,United Kingdom,"Norwich, United Kingdom",['Auditorium / Theatre'],300,False,True,True
269664,Theatre Royal Norwich,http://data.pollstar.com/venue/theatre-royal-norwich-269664,68028,Norwich,http://data.pollstar.com/city/norwich-68028,,104,United Kingdom,"Norwich, United Kingdom",['Auditorium / Theatre'],1308,True,True,True
274891,Univ. Of East Anglia LCR-Union,http://data.pollstar.com/venue/univ-of-east-anglia-lcr-union-274891,68028,Norwich,http://data.pollstar.com/city/norwich-68028,,104,United Kingdom,"Norwich, United Kingdom",['Auditorium / Theatre'],1550,False,True,True
271987,The Waterfront,http://data.pollstar.com/venue/the-waterfront-271987,68028,Norwich,http://data.pollstar.com/city/norwich-68028,,104,United Kingdom,"Norwich, United Kingdom",['Club'],700,True,True,True
272974,The Maze,http://data.pollstar.com/venue/the-maze-272974,68036,Nottingham,http://data.pollstar.com/city/nottingham-68036,,104,United Kingdom,"Nottingham, United Kingdom",['Club'],0,False,False,True
271811,The Motorpoint Arena Nottingham,http://data.pollstar.com/venue/the-motorpoint-arena-nottingham-271811,68036,Nottingham,http://data.pollstar.com/city/nottingham-68036,,104,United Kingdom,"Nottingham, United Kingdom",['Arena'],10833,True,True,True
271257,Rock City,http://data.pollstar.com/venue/rock-city-271257,68036,Nottingham,http://data.pollstar.com/city/nottingham-68036,,104,United Kingdom,"Nottingham, United Kingdom",['Club'],1900,True,True,True
278879,Royal Concert Hall,http://data.pollstar.com/venue/royal-concert-hall-278879,68036,Nottingham,http://data.pollstar.com/city/nottingham-68036,,104,United Kingdom,"Nottingham, United Kingdom",['Auditorium / Theatre'],2300,True,True,True
271464,Theatre Royal Nottingham,http://data.pollstar.com/venue/theatre-royal-nottingham-271464,68036,Nottingham,http://data.pollstar.com/city/nottingham-68036,,104,United Kingdom,"Nottingham, United Kingdom",['Auditorium / Theatre'],1100,False,True,True
270827,The Arches,http://data.pollstar.com/venue/the-arches-270827,66557,Glasgow,http://data.pollstar.com/city/glasgow-66557,,104,United Kingdom,"Glasgow, United Kingdom","['Club', ' Auditorium / Theatre']",1750,False,False,True
270002,Barrowland,http://data.pollstar.com/venue/barrowland-270002,66557,Glasgow,http://data.pollstar.com/city/glasgow-66557,,104,United Kingdom,"Glasgow, United Kingdom",['Auditorium / Theatre'],1900,True,True,True
276742,Braehead Arena,http://data.pollstar.com/venue/braehead-arena-276742,66557,Glasgow,http://data.pollstar.com/city/glasgow-66557,,104,United Kingdom,"Glasgow, United Kingdom",['Arena'],5200,False,True,True
270320,The Cathouse,http://data.pollstar.com/venue/the-cathouse-270320,66557,Glasgow,http://data.pollstar.com/city/glasgow-66557,,104,United Kingdom,"Glasgow, United Kingdom",['Club'],400,False,True,True
269998,Clyde Auditorium,http://data.pollstar.com/venue/clyde-auditorium-269998,66557,Glasgow,http://data.pollstar.com/city/glasgow-66557,,104,United Kingdom,"Glasgow, United Kingdom",['Auditorium / Theatre'],3000,False,True,True
270322,The Ferry,http://data.pollstar.com/venue/the-ferry-270322,66557,Glasgow,http://data.pollstar.com/city/glasgow-66557,,104,United Kingdom,"Glasgow, United Kingdom",['Auditorium / Theatre'],640,False,True,True
268265,Garage,http://data.pollstar.com/venue/garage-268265,66557,Glasgow,http://data.pollstar.com/city/glasgow-66557,,104,United Kingdom,"Glasgow, United Kingdom",['Club'],700,True,True,True
269200,Glasgow Pavilion Theatre,http://data.pollstar.com/venue/glasgow-pavilion-theatre-269200,66557,Glasgow,http://data.pollstar.com/city/glasgow-66557,,104,United Kingdom,"Glasgow, United Kingdom",['Auditorium / Theatre'],1433,False,True,True
270306,Glasgow Royal Concert Hall,http://data.pollstar.com/venue/glasgow-royal-concert-hall-270306,66557,Glasgow,http://data.pollstar.com/city/glasgow-66557,,104,United Kingdom,"Glasgow, United Kingdom",['Auditorium / Theatre'],2417,True,True,True
279073,Hampden Park,http://data.pollstar.com/venue/hampden-park-279073,66557,Glasgow,http://data.pollstar.com/city/glasgow-66557,,104,United Kingdom,"Glasgow, United Kingdom",['Stadium'],52000,False,True,True
276307,Hard Rock Cafe,http://data.pollstar.com/venue/hard-rock-cafe-276307,66557,Glasgow,http://data.pollstar.com/city/glasgow-66557,,104,United Kingdom,"Glasgow, United Kingdom",['Club'],400,False,False,True
278877,King Tut's Wah Wah Hut,http://data.pollstar.com/venue/king-tuts-wah-wah-hut-278877,66557,Glasgow,http://data.pollstar.com/city/glasgow-66557,,104,United Kingdom,"Glasgow, United Kingdom",['Club'],300,True,True,True
274786,King's Theatre,http://data.pollstar.com/venue/kings-theatre-274786,66557,Glasgow,http://data.pollstar.com/city/glasgow-66557,,104,United Kingdom,"Glasgow, United Kingdom",['Auditorium / Theatre'],1770,False,True,True
269333,O2 ABC 2 Glasgow,http://data.pollstar.com/venue/o2-abc-2-glasgow-269333,66557,Glasgow,http://data.pollstar.com/city/glasgow-66557,,104,United Kingdom,"Glasgow, United Kingdom",['Club'],350,False,True,True
276313,O2 ABC Glasgow,http://data.pollstar.com/venue/o2-abc-glasgow-276313,66557,Glasgow,http://data.pollstar.com/city/glasgow-66557,,104,United Kingdom,"Glasgow, United Kingdom",['Club'],1300,False,True,True
272526,O2 Academy Glasgow,http://data.pollstar.com/venue/o2-academy-glasgow-272526,66557,Glasgow,http://data.pollstar.com/city/glasgow-66557,,104,United Kingdom,"Glasgow, United Kingdom","['Club', ' Auditorium / Theatre']",2550,True,True,True
276237,Queen Margaret Union,http://data.pollstar.com/venue/queen-margaret-union-276237,66557,Glasgow,http://data.pollstar.com/city/glasgow-66557,,104,United Kingdom,"Glasgow, United Kingdom","['Club', ' Auditorium / Theatre']",900,True,True,True
109159766,SEC Armadillo,http://data.pollstar.com/venue/sec-armadillo-109159766,66557,Glasgow,http://data.pollstar.com/city/glasgow-66557,,104,United Kingdom,"Glasgow, United Kingdom",['Auditorium / Theatre'],3000,True,True,True
274689,The SSE Hydro,http://data.pollstar.com/venue/the-sse-hydro-274689,66557,Glasgow,http://data.pollstar.com/city/glasgow-66557,,104,United Kingdom,"Glasgow, United Kingdom",['Arena'],14300,True,True,True
276572,The Platform,http://data.pollstar.com/venue/the-platform-276572,67792,Morecambe,http://data.pollstar.com/city/morecambe-67792,,104,United Kingdom,"Morecambe, United Kingdom",['Club'],350,False,True,True
276132,Twinwood Arena,http://data.pollstar.com/venue/twinwood-arena-276132,65892,Clapham,http://data.pollstar.com/city/clapham-65892,,104,United Kingdom,"Clapham, United Kingdom",['Arena'],20000,False,False,True
270447,Bridgwater Arts Centre,http://data.pollstar.com/venue/bridgwater-arts-centre-270447,65615,Bridgwater,http://data.pollstar.com/city/bridgwater-65615,,104,United Kingdom,"Bridgwater, United Kingdom",['Auditorium / Theatre'],170,False,False,True
270969,Marine Theatre,http://data.pollstar.com/venue/marine-theatre-270969,67554,Lyme Regis,http://data.pollstar.com/city/lyme-regis-67554,,104,United Kingdom,"Lyme Regis, United Kingdom",['Auditorium / Theatre'],200,False,False,True
270794,The Cresset,http://data.pollstar.com/venue/the-cresset-270794,68223,Peterborough,http://data.pollstar.com/city/peterborough-68223,,104,United Kingdom,"Peterborough, United Kingdom",['Club'],876,True,True,True
276826,Met Lounge,http://data.pollstar.com/venue/met-lounge-276826,68223,Peterborough,http://data.pollstar.com/city/peterborough-68223,,104,United Kingdom,"Peterborough, United Kingdom",['Club'],200,False,False,True
273341,Gateshead International Stadium,http://data.pollstar.com/venue/gateshead-international-stadium-273341,66509,Gateshead,http://data.pollstar.com/city/gateshead-66509,,104,United Kingdom,"Gateshead, United Kingdom",['Stadium'],38000,False,True,True
270311,Newcastle City Hall,http://data.pollstar.com/venue/newcastle-city-hall-270311,63944,Newcastle upon Tyne,http://data.pollstar.com/city/newcastle-upon-tyne-63944,,104,United Kingdom,"Newcastle upon Tyne, United Kingdom",['Auditorium / Theatre'],2135,True,True,True
271327,Playhouse Whitley Bay,http://data.pollstar.com/venue/playhouse-whitley-bay-271327,69631,Whitley Bay,http://data.pollstar.com/city/whitley-bay-69631,,104,United Kingdom,"Whitley Bay, United Kingdom",['Auditorium / Theatre'],638,True,True,True
272569,Sage Gateshead,http://data.pollstar.com/venue/sage-gateshead-272569,66509,Gateshead,http://data.pollstar.com/city/gateshead-66509,,104,United Kingdom,"Gateshead, United Kingdom","['Club', ' Auditorium / Theatre']",3000,True,True,True
267914,Sunderland Empire Theatre,http://data.pollstar.com/venue/sunderland-empire-theatre-267914,69124,Sunderland,http://data.pollstar.com/city/sunderland-69124,,104,United Kingdom,"Sunderland, United Kingdom",['Auditorium / Theatre'],2000,False,True,True
279017,Trillians Rock Bar,http://data.pollstar.com/venue/trillians-rock-bar-279017,63944,Newcastle upon Tyne,http://data.pollstar.com/city/newcastle-upon-tyne-63944,,104,United Kingdom,"Newcastle upon Tyne, United Kingdom",['Club'],300,False,False,True
109084915,Tyne Theatre And Opera House,http://data.pollstar.com/venue/tyne-theatre-and-opera-house-109084915,63944,Newcastle upon Tyne,http://data.pollstar.com/city/newcastle-upon-tyne-63944,,104,United Kingdom,"Newcastle upon Tyne, United Kingdom",['Auditorium / Theatre'],1100,False,True,True
268262,Utilita Arena,http://data.pollstar.com/venue/utilita-arena-268262,63944,Newcastle upon Tyne,http://data.pollstar.com/city/newcastle-upon-tyne-63944,,104,United Kingdom,"Newcastle upon Tyne, United Kingdom",['Arena'],11250,True,True,True
278933,Colchester Arts Centre,http://data.pollstar.com/venue/colchester-arts-centre-278933,65931,Colchester,http://data.pollstar.com/city/colchester-65931,,104,United Kingdom,"Colchester, United Kingdom",['Club'],400,True,True,True
278746,Essex University,http://data.pollstar.com/venue/essex-university-278746,65931,Colchester,http://data.pollstar.com/city/colchester-65931,,104,United Kingdom,"Colchester, United Kingdom",['Auditorium / Theatre'],1000,False,False,True
269544,Farnham Maltings,http://data.pollstar.com/venue/farnham-maltings-269544,66373,Farnham,http://data.pollstar.com/city/farnham-66373,,104,United Kingdom,"Farnham, United Kingdom",['Club'],500,False,False,True
268291,Ipswich Regent Theatre,http://data.pollstar.com/venue/ipswich-regent-theatre-268291,67023,Ipswich,http://data.pollstar.com/city/ipswich-67023,,104,United Kingdom,"Ipswich, United Kingdom",['Auditorium / Theatre'],1551,True,True,True
273745,Princes Theatre,http://data.pollstar.com/venue/princes-theatre-273745,65891,Clacton-on-Sea,http://data.pollstar.com/city/clacton-on-sea-65891,,104,United Kingdom,"Clacton-on-Sea, United Kingdom",['Auditorium / Theatre'],820,True,True,True
278747,Spa Pavilion Theatre,http://data.pollstar.com/venue/spa-pavilion-theatre-278747,66386,Felixstowe,http://data.pollstar.com/city/felixstowe-66386,,104,United Kingdom,"Felixstowe, United Kingdom",['Auditorium / Theatre'],905,False,True,True
271346,Esquires,http://data.pollstar.com/venue/esquires-271346,65394,Bedford,http://data.pollstar.com/city/bedford-65394,,104,United Kingdom,"Bedford, United Kingdom",['Club'],200,True,False,True
269361,National Bowl,http://data.pollstar.com/venue/national-bowl-269361,67732,Milton Keynes,http://data.pollstar.com/city/milton-keynes-67732,,104,United Kingdom,"Milton Keynes, United Kingdom",['Stadium'],65000,False,True,True
270470,The Stables,http://data.pollstar.com/venue/the-stables-270470,67732,Milton Keynes,http://data.pollstar.com/city/milton-keynes-67732,,104,United Kingdom,"Milton Keynes, United Kingdom",['Club'],400,True,True,True
268293,The Brighton Centre,http://data.pollstar.com/venue/the-brighton-centre-268293,65623,Brighton,http://data.pollstar.com/city/brighton-65623,,104,United Kingdom,"Brighton, United Kingdom","['Convention Center', ' Auditorium / Theatre']",5500,True,True,True
271850,Concorde 2,http://data.pollstar.com/venue/concorde-2-271850,65623,Brighton,http://data.pollstar.com/city/brighton-65623,,104,United Kingdom,"Brighton, United Kingdom",['Club'],600,True,True,True
274851,The Congress Theatre,http://data.pollstar.com/venue/the-congress-theatre-274851,66226,Eastbourne,http://data.pollstar.com/city/eastbourne-66226,,104,United Kingdom,"Eastbourne, United Kingdom",['Auditorium / Theatre'],1689,False,True,True
269939,Corn Exchange,http://data.pollstar.com/venue/corn-exchange-269939,65623,Brighton,http://data.pollstar.com/city/brighton-65623,,104,United Kingdom,"Brighton, United Kingdom",['Auditorium / Theatre'],600,False,False,True
278744,The Event II,http://data.pollstar.com/venue/the-event-ii-278744,65623,Brighton,http://data.pollstar.com/city/brighton-65623,,104,United Kingdom,"Brighton, United Kingdom",['Club'],1800,False,False,True
276803,The Greys,http://data.pollstar.com/venue/the-greys-276803,65623,Brighton,http://data.pollstar.com/city/brighton-65623,,104,United Kingdom,"Brighton, United Kingdom",['Club'],70,False,False,True
279030,Martlets Hall,http://data.pollstar.com/venue/martlets-hall-279030,65693,Burgess Hill,http://data.pollstar.com/city/burgess-hill-65693,,104,United Kingdom,"Burgess Hill, United Kingdom",['Club'],362,False,False,True
267974,Pavilion Theatre,http://data.pollstar.com/venue/pavilion-theatre-267974,65623,Brighton,http://data.pollstar.com/city/brighton-65623,,104,United Kingdom,"Brighton, United Kingdom",['Auditorium / Theatre'],231,False,False,True
269198,Sallis Benney Theatre,http://data.pollstar.com/venue/sallis-benney-theatre-269198,65623,Brighton,http://data.pollstar.com/city/brighton-65623,,104,United Kingdom,"Brighton, United Kingdom",['Club'],272,False,False,True
278796,White Rock Theatre,http://data.pollstar.com/venue/white-rock-theatre-278796,66785,Hastings,http://data.pollstar.com/city/hastings-66785,,104,United Kingdom,"Hastings, United Kingdom",['Auditorium / Theatre'],1066,True,True,True
273218,Clwb Ifor Bach,http://data.pollstar.com/venue/clwb-ifor-bach-273218,65758,Cardiff,http://data.pollstar.com/city/cardiff-65758,,104,United Kingdom,"Cardiff, United Kingdom",['Club'],480,True,True,True
270126,Coal Exchange,http://data.pollstar.com/venue/coal-exchange-270126,65758,Cardiff,http://data.pollstar.com/city/cardiff-65758,,104,United Kingdom,"Cardiff, United Kingdom",['Club'],0,False,False,True
275077,The Globe,http://data.pollstar.com/venue/the-globe-275077,65758,Cardiff,http://data.pollstar.com/city/cardiff-65758,,104,United Kingdom,"Cardiff, United Kingdom",['Club'],350,True,True,True
274888,Great Hall,http://data.pollstar.com/venue/great-hall-274888,65758,Cardiff,http://data.pollstar.com/city/cardiff-65758,,104,United Kingdom,"Cardiff, United Kingdom","['Auditorium / Theatre', ' Untyped Venue']",1350,False,True,True
269988,Motorpoint Arena Cardiff,http://data.pollstar.com/venue/motorpoint-arena-cardiff-269988,65758,Cardiff,http://data.pollstar.com/city/cardiff-65758,,104,United Kingdom,"Cardiff, United Kingdom",['Arena'],7500,True,True,True
273420,Playhouse Theatre,http://data.pollstar.com/venue/playhouse-theatre-273420,69607,Weston-super-Mare,http://data.pollstar.com/city/weston-super-mare-69607,,104,United Kingdom,"Weston-super-Mare, United Kingdom",['Auditorium / Theatre'],664,False,True,True
270741,The Point,http://data.pollstar.com/venue/the-point-270741,65758,Cardiff,http://data.pollstar.com/city/cardiff-65758,,104,United Kingdom,"Cardiff, United Kingdom",['Club'],0,False,False,True
271058,Principality Stadium,http://data.pollstar.com/venue/principality-stadium-271058,65758,Cardiff,http://data.pollstar.com/city/cardiff-65758,,104,United Kingdom,"Cardiff, United Kingdom",['Stadium'],73921,True,True,True
271787,St. David's Hall,http://data.pollstar.com/venue/st-davids-hall-271787,65758,Cardiff,http://data.pollstar.com/city/cardiff-65758,,104,United Kingdom,"Cardiff, United Kingdom",['Auditorium / Theatre'],1956,True,True,True
272779,Tramshed,http://data.pollstar.com/venue/tramshed-272779,65758,Cardiff,http://data.pollstar.com/city/cardiff-65758,,104,United Kingdom,"Cardiff, United Kingdom",['Club'],1000,True,True,True
272009,Leas Cliff Hall,http://data.pollstar.com/venue/leas-cliff-hall-272009,66420,Folkestone,http://data.pollstar.com/city/folkestone-66420,,104,United Kingdom,"Folkestone, United Kingdom","['Club', ' Auditorium / Theatre']",1514,True,True,True
271325,Marlowe Theatre,http://data.pollstar.com/venue/marlowe-theatre-271325,65751,Canterbury,http://data.pollstar.com/city/canterbury-65751,,104,United Kingdom,"Canterbury, United Kingdom",['Auditorium / Theatre'],1200,False,True,True
274483,Winter Gardens,http://data.pollstar.com/venue/winter-gardens-274483,67620,Margate,http://data.pollstar.com/city/margate-67620,,104,United Kingdom,"Margate, United Kingdom","['Amphitheatre', ' Auditorium / Theatre']",1400,False,True,True
268258,Plymouth Pavilions,http://data.pollstar.com/venue/plymouth-pavilions-268258,68258,Plymouth,http://data.pollstar.com/city/plymouth-68258,,104,United Kingdom,"Plymouth, United Kingdom",['Arena'],4000,True,True,True
271308,Pavilion Theatre,http://data.pollstar.com/venue/pavilion-theatre-271308,68442,Rhyl,http://data.pollstar.com/city/rhyl-68442,,104,United Kingdom,"Rhyl, United Kingdom","['Club', ' Auditorium / Theatre']",1032,False,True,True
279346,Venue Cymru,http://data.pollstar.com/venue/venue-cymru-279346,67472,Llandudno,http://data.pollstar.com/city/llandudno-67472,,104,United Kingdom,"Llandudno, United Kingdom",['Auditorium / Theatre'],1500,True,True,True
279011,Errigle Inn,http://data.pollstar.com/venue/errigle-inn-279011,65407,Belfast,http://data.pollstar.com/city/belfast-65407,,104,United Kingdom,"Belfast, United Kingdom",['Club'],250,False,False,True
274893,Grand Opera House,http://data.pollstar.com/venue/grand-opera-house-274893,65407,Belfast,http://data.pollstar.com/city/belfast-65407,,104,United Kingdom,"Belfast, United Kingdom",['Auditorium / Theatre'],1056,False,False,True
269648,The Limelight,http://data.pollstar.com/venue/the-limelight-269648,65407,Belfast,http://data.pollstar.com/city/belfast-65407,,104,United Kingdom,"Belfast, United Kingdom",['Club'],850,True,False,True
273987,Lyric Theatre,http://data.pollstar.com/venue/lyric-theatre-273987,65407,Belfast,http://data.pollstar.com/city/belfast-65407,,104,United Kingdom,"Belfast, United Kingdom",['Auditorium / Theatre'],304,False,False,True
274554,Rotterdam,http://data.pollstar.com/venue/rotterdam-274554,65407,Belfast,http://data.pollstar.com/city/belfast-65407,,104,United Kingdom,"Belfast, United Kingdom",['Club'],200,False,False,True
272567,Spring & Airbrake,http://data.pollstar.com/venue/spring-airbrake-272567,65407,Belfast,http://data.pollstar.com/city/belfast-65407,,104,United Kingdom,"Belfast, United Kingdom",['Club'],600,False,False,True
271879,"The SSE Arena, Belfast",http://data.pollstar.com/venue/the-sse-arena-belfast-271879,65407,Belfast,http://data.pollstar.com/city/belfast-65407,,104,United Kingdom,"Belfast, United Kingdom",['Arena'],10800,True,True,True
270760,Ulster Hall,http://data.pollstar.com/venue/ulster-hall-270760,65407,Belfast,http://data.pollstar.com/city/belfast-65407,,104,United Kingdom,"Belfast, United Kingdom",['Auditorium / Theatre'],1750,True,True,True
275852,Waterfront Hall,http://data.pollstar.com/venue/waterfront-hall-275852,65407,Belfast,http://data.pollstar.com/city/belfast-65407,,104,United Kingdom,"Belfast, United Kingdom",['Auditorium / Theatre'],2699,True,True,True
270933,The Furnace,http://data.pollstar.com/venue/the-furnace-270933,69149,Swindon,http://data.pollstar.com/city/swindon-69149,,104,United Kingdom,"Swindon, United Kingdom",['Club'],400,False,False,True
275105,Newbury Racecourse,http://data.pollstar.com/venue/newbury-racecourse-275105,67950,Newbury,http://data.pollstar.com/city/newbury-67950,,104,United Kingdom,"Newbury, United Kingdom","['Stadium', ' Outdoor Venues']",38961,False,True,True
273750,Oasis Leisure Centre,http://data.pollstar.com/venue/oasis-leisure-centre-273750,69149,Swindon,http://data.pollstar.com/city/swindon-69149,,104,United Kingdom,"Swindon, United Kingdom",['Arena'],2200,False,False,True
269204,Wyvern Theatre,http://data.pollstar.com/venue/wyvern-theatre-269204,69149,Swindon,http://data.pollstar.com/city/swindon-69149,,104,United Kingdom,"Swindon, United Kingdom","['Club', ' Auditorium / Theatre']",617,True,True,True
274781,Bein Inn,http://data.pollstar.com/venue/bein-inn-274781,66567,Glenfarg,http://data.pollstar.com/city/glenfarg-66567,,104,United Kingdom,"Glenfarg, United Kingdom",['Auditorium / Theatre'],0,False,False,True
270182,The Caird Hall,http://data.pollstar.com/venue/the-caird-hall-270182,66184,Dundee,http://data.pollstar.com/city/dundee-66184,,104,United Kingdom,"Dundee, United Kingdom",['Auditorium / Theatre'],2300,False,True,True
278044,Perth Concert Hall,http://data.pollstar.com/venue/perth-concert-hall-278044,68219,Perth,http://data.pollstar.com/city/perth-68219,,104,United Kingdom,"Perth, United Kingdom",['Auditorium / Theatre'],1200,False,True,True
279492,Ferneham Hall,http://data.pollstar.com/venue/ferneham-hall-279492,66364,Fareham,http://data.pollstar.com/city/fareham-66364,,104,United Kingdom,"Fareham, United Kingdom","['Club', ' Auditorium / Theatre']",732,False,True,True
269355,Newport Centre,http://data.pollstar.com/venue/newport-centre-269355,67957,Newport,http://data.pollstar.com/city/newport-67957,,104,United Kingdom,"Newport, United Kingdom","['Arena', ' Auditorium / Theatre']",2024,False,True,True
275024,Portsmouth Guildhall,http://data.pollstar.com/venue/portsmouth-guildhall-275024,68313,Portsmouth,http://data.pollstar.com/city/portsmouth-68313,,104,United Kingdom,"Portsmouth, United Kingdom",['Auditorium / Theatre'],2500,True,True,True
274865,Pyramid Centre,http://data.pollstar.com/venue/pyramid-centre-274865,68313,Portsmouth,http://data.pollstar.com/city/portsmouth-68313,,104,United Kingdom,"Portsmouth, United Kingdom",['Club'],1200,False,False,True
278891,Wedgewood Rooms,http://data.pollstar.com/venue/wedgewood-rooms-278891,68313,Portsmouth,http://data.pollstar.com/city/portsmouth-68313,,104,United Kingdom,"Portsmouth, United Kingdom","['Club', ' Auditorium / Theatre']",400,True,True,True
271096,Eden Court Theatre,http://data.pollstar.com/venue/eden-court-theatre-271096,67021,Inverness,http://data.pollstar.com/city/inverness-67021,,104,United Kingdom,"Inverness, United Kingdom",['Club'],840,True,True,True
274330,Ironworks,http://data.pollstar.com/venue/ironworks-274330,67021,Inverness,http://data.pollstar.com/city/inverness-67021,,104,United Kingdom,"Inverness, United Kingdom",['Club'],1000,False,True,True
276224,Victoria Hall,http://data.pollstar.com/venue/victoria-hall-276224,64301,Stoke-On-Trent,http://data.pollstar.com/city/stoke-on-trent-64301,,104,United Kingdom,"Stoke-On-Trent, United Kingdom",['Auditorium / Theatre'],1800,True,True,True
271007,Grand Theatre,http://data.pollstar.com/venue/grand-theatre-271007,69147,Swansea,http://data.pollstar.com/city/swansea-69147,,104,United Kingdom,"Swansea, United Kingdom",['Auditorium / Theatre'],1026,False,True,True
274351,Liberty Stadium,http://data.pollstar.com/venue/liberty-stadium-274351,69147,Swansea,http://data.pollstar.com/city/swansea-69147,,104,United Kingdom,"Swansea, United Kingdom",['Stadium'],0,False,True,True
276697,Patti Pavilion,http://data.pollstar.com/venue/patti-pavilion-276697,69147,Swansea,http://data.pollstar.com/city/swansea-69147,,104,United Kingdom,"Swansea, United Kingdom",['Auditorium / Theatre'],490,True,False,True
278050,Sin City,http://data.pollstar.com/venue/sin-city-278050,69147,Swansea,http://data.pollstar.com/city/swansea-69147,,104,United Kingdom,"Swansea, United Kingdom",['Club'],500,True,True,True
270475,Assembly Hall Theatre,http://data.pollstar.com/venue/assembly-hall-theatre-270475,64314,Tunbridge Wells,http://data.pollstar.com/city/tunbridge-wells-64314,,104,United Kingdom,"Tunbridge Wells, United Kingdom",['Club'],1020,True,True,True
273016,The Baths Hall,http://data.pollstar.com/venue/the-baths-hall-273016,68742,Scunthorpe,http://data.pollstar.com/city/scunthorpe-68742,,104,United Kingdom,"Scunthorpe, United Kingdom",['Auditorium / Theatre'],1800,False,True,True
276377,Adelphi Theatre,http://data.pollstar.com/venue/adelphi-theatre-276377,66966,Hull,http://data.pollstar.com/city/hull-66966,,104,United Kingdom,"Hull, United Kingdom",['Club'],200,False,False,True
109174498,Bonus Arena,http://data.pollstar.com/venue/bonus-arena-109174498,66966,Hull,http://data.pollstar.com/city/hull-66966,,104,United Kingdom,"Hull, United Kingdom",['Arena'],3000,True,True,True
269358,Grimsby Auditorium,http://data.pollstar.com/venue/grimsby-auditorium-269358,66655,Grimsby,http://data.pollstar.com/city/grimsby-66655,,104,United Kingdom,"Grimsby, United Kingdom",['Auditorium / Theatre'],1239,False,True,True
269234,Hull Arena,http://data.pollstar.com/venue/hull-arena-269234,66966,Hull,http://data.pollstar.com/city/hull-66966,,104,United Kingdom,"Hull, United Kingdom",['Arena'],3750,False,False,True
268308,Hull City Hall,http://data.pollstar.com/venue/hull-city-hall-268308,66966,Hull,http://data.pollstar.com/city/hull-66966,,104,United Kingdom,"Hull, United Kingdom",['Auditorium / Theatre'],1208,True,True,True
273654,Kingston Communications Stadium,http://data.pollstar.com/venue/kingston-communications-stadium-273654,66966,Hull,http://data.pollstar.com/city/hull-66966,,104,United Kingdom,"Hull, United Kingdom",['Stadium'],25000,False,False,True
274346,Brunton Park,http://data.pollstar.com/venue/brunton-park-274346,65762,Carlisle,http://data.pollstar.com/city/carlisle-65762,,104,United Kingdom,"Carlisle, United Kingdom",['Stadium'],18302,False,True,True
268269,Sands Centre Carlisle,http://data.pollstar.com/venue/sands-centre-carlisle-268269,65762,Carlisle,http://data.pollstar.com/city/carlisle-65762,,104,United Kingdom,"Carlisle, United Kingdom",['Auditorium / Theatre'],1792,False,True,True
269429,Futurist Theatre,http://data.pollstar.com/venue/futurist-theatre-269429,68691,Scarborough,http://data.pollstar.com/city/scarborough-68691,,104,United Kingdom,"Scarborough, United Kingdom",['Auditorium / Theatre'],2155,False,False,True
282660,Scarborough Open Air Theatre,http://data.pollstar.com/venue/scarborough-open-air-theatre-282660,68691,Scarborough,http://data.pollstar.com/city/scarborough-68691,,104,United Kingdom,"Scarborough, United Kingdom",['Amphitheatre'],5454,True,True,True
272152,Boyd Orr Hall,http://data.pollstar.com/venue/boyd-orr-hall-272152,64765,Aberdeen,http://data.pollstar.com/city/aberdeen-64765,,104,United Kingdom,"Aberdeen, United Kingdom",['Auditorium / Theatre'],2000,False,False,True
275489,The Garage Aberdeen,http://data.pollstar.com/venue/the-garage-aberdeen-275489,64765,Aberdeen,http://data.pollstar.com/city/aberdeen-64765,,104,United Kingdom,"Aberdeen, United Kingdom",['Club'],650,False,True,True
273929,Kef,http://data.pollstar.com/venue/kef-273929,64765,Aberdeen,http://data.pollstar.com/city/aberdeen-64765,,104,United Kingdom,"Aberdeen, United Kingdom",['Club'],500,False,False,True
276350,Lemon Tree,http://data.pollstar.com/venue/lemon-tree-276350,64765,Aberdeen,http://data.pollstar.com/city/aberdeen-64765,,104,United Kingdom,"Aberdeen, United Kingdom",['Club'],575,False,True,True
270826,Music Hall,http://data.pollstar.com/venue/music-hall-270826,64765,Aberdeen,http://data.pollstar.com/city/aberdeen-64765,,104,United Kingdom,"Aberdeen, United Kingdom",['Auditorium / Theatre'],1282,True,True,True
273153,Telfords Warehouse,http://data.pollstar.com/venue/telfords-warehouse-273153,69196,Telford,http://data.pollstar.com/city/telford-69196,,104,United Kingdom,"Telford, United Kingdom",['Club'],250,False,False,True
269675,Embassy Theatre,http://data.pollstar.com/venue/embassy-theatre-269675,68827,Skegness,http://data.pollstar.com/city/skegness-68827,,104,United Kingdom,"Skegness, United Kingdom",['Auditorium / Theatre'],1027,False,True,True
269071,Leisure Centre,http://data.pollstar.com/venue/leisure-centre-269071,66847,Hereford,http://data.pollstar.com/city/hereford-66847,,104,United Kingdom,"Hereford, United Kingdom",['Auditorium / Theatre'],0,False,True,True
277020,Down Arts Centre,http://data.pollstar.com/venue/down-arts-centre-277020,66150,Downpatrick,http://data.pollstar.com/city/downpatrick-66150,,104,United Kingdom,"Downpatrick, United Kingdom",['Auditorium / Theatre'],200,False,False,True
277245,Weymouth Pavilion,http://data.pollstar.com/venue/weymouth-pavilion-277245,69618,Weymouth,http://data.pollstar.com/city/weymouth-69618,,104,United Kingdom,"Weymouth, United Kingdom",['Auditorium / Theatre'],1000,False,True,True
276141,The Engine Shed,http://data.pollstar.com/venue/the-engine-shed-276141,67443,Lincoln,http://data.pollstar.com/city/lincoln-67443,,104,United Kingdom,"Lincoln, United Kingdom",['Club'],1800,False,True,True
272796,The Platform,http://data.pollstar.com/venue/the-platform-272796,67443,Lincoln,http://data.pollstar.com/city/lincoln-67443,,104,United Kingdom,"Lincoln, United Kingdom",['Auditorium / Theatre'],350,False,False,True
273972,O2 Academy Newcastle,http://data.pollstar.com/venue/o2-academy-newcastle-273972,67952,Newcastle,http://data.pollstar.com/city/newcastle-67952,,104,United Kingdom,"Newcastle, United Kingdom",['Auditorium / Theatre'],2000,True,True,True
276363,Riverside,http://data.pollstar.com/venue/riverside-276363,67952,Newcastle,http://data.pollstar.com/city/newcastle-67952,,104,United Kingdom,"Newcastle, United Kingdom",['Auditorium / Theatre'],995,True,True,True
278019,St. James' Park,http://data.pollstar.com/venue/st-james-park-278019,67952,Newcastle,http://data.pollstar.com/city/newcastle-67952,,104,United Kingdom,"Newcastle, United Kingdom",['Stadium'],52387,False,True,True
274084,Gaiety Theatre,http://data.pollstar.com/venue/gaiety-theatre-274084,65100,Ayr,http://data.pollstar.com/city/ayr-65100,,104,United Kingdom,"Ayr, United Kingdom",['Auditorium / Theatre'],0,False,True,True
270477,Queens Hall,http://data.pollstar.com/venue/queens-hall-270477,67873,Narberth,http://data.pollstar.com/city/narberth-67873,,104,United Kingdom,"Narberth, United Kingdom",['Auditorium / Theatre'],400,False,False,True
274828,Millennium Forum,http://data.pollstar.com/venue/millennium-forum-274828,67495,Londonderry,http://data.pollstar.com/city/londonderry-67495,,104,United Kingdom,"Londonderry, United Kingdom","['Club', ' Auditorium / Theatre']",1018,False,True,True
268437,Fort Regent Leisure Centre,http://data.pollstar.com/venue/fort-regent-leisure-centre-268437,67062,Jersey,http://data.pollstar.com/city/jersey-67062,,104,United Kingdom,"Jersey, United Kingdom","['Convention Center', ' Arena']",1170,False,False,True
273675,Queen's Hall,http://data.pollstar.com/venue/queens-hall-273675,66194,Dunoon,http://data.pollstar.com/city/dunoon-66194,,104,United Kingdom,"Dunoon, United Kingdom",['Auditorium / Theatre'],1000,False,True,True
109168295,Pavilion Theatre @ Cromer Pier,http://data.pollstar.com/venue/pavilion-theatre-cromer-pier-109168295,66006,Cromer,http://data.pollstar.com/city/cromer-66006,,104,United Kingdom,"Cromer, United Kingdom",['Auditorium / Theatre'],500,False,True,True
